Product Name,Price,Product Link
Nutraj Cashew Nuts W450 (400g X 2),"₹204 (₹102/100 g)
₹315",https://www.amazon.in/gp/slredirect/picassoRedirect.html/ref=pa_sp_atf_aps_sr_pg1_1?ie=UTF8&adId=A04627353IMSXSPRTSSMX&url=%2FNutraj-Cashew-Nuts-W450-400g%2Fdp%2FB08262491C%2Fref%3Dsr_1_1_sspa%3Fdchild%3D1%26keywords%3DCashew%26qid%3D1613335028%26sr%3D8-1-spons%26psc%3D1&qualifier=1613335028&id=5430274987493906&widgetName=sp_atf
"Happilo 100% Natural Premium Whole Cashews, 200g","₹251 (₹125.50/100 g)
₹285",https://www.amazon.in/gp/slredirect/picassoRedirect.html/ref=pa_sp_atf_aps_sr_pg1_1?ie=UTF8&adId=A04627353IMSXSPRTSSMX&url=%2FNutraj-Cashew-Nuts-W450-400g%2Fdp%2FB08262491C%2Fref%3Dsr_1_1_sspa%3Fdchild%3D1%26keywords%3DCashew%26qid%3D1613335028%26sr%3D8-1-spons%26psc%3D1&qualifier=1613335028&id=5430274987493906&widgetName=sp_atf
"Molsi’s Royal Crunch Cashews, 200 Grams","₹496 (₹124/100 g)
₹670",https://www.amazon.in/gp/slredirect/picassoRedirect.html/ref=pa_sp_atf_aps_sr_pg1_1?ie=UTF8&adId=A06974981BQSKTFRS86XW&url=%2FHappilo-100-Natural-Premium-Whole-Cashews%2Fdp%2FB01LZ5DPXD%2Fref%3Dsr_1_2_sspa%3Fdchild%3D1%26keywords%3DCashew%26qid%3D1613335028%26sr%3D8-2-spons%26psc%3D1&qualifier=1613335028&id=5430274987493906&widgetName=sp_atf
"Happilo 100% Natural Premium Whole Cashews, 200g (Pack of 2)","₹204 (₹102/100 g)
₹315",https://www.amazon.in/gp/slredirect/picassoRedirect.html/ref=pa_sp_atf_aps_sr_pg1_1?ie=UTF8&adId=A06974981BQSKTFRS86XW&url=%2FHappilo-100-Natural-Premium-Whole-Cashews%2Fdp%2FB01LZ5DPXD%2Fref%3Dsr_1_2_sspa%3Fdchild%3D1%26keywords%3DCashew%26qid%3D1613335028%26sr%3D8-2-spons%26psc%3D1&qualifier=1613335028&id=5430274987493906&widgetName=sp_atf
"Happilo 100% Natural Premium Whole Cashews, 200g","₹650 (₹81.25/100 g)
₹1,498",https://www.amazon.in/gp/slredirect/picassoRedirect.html/ref=pa_sp_atf_aps_sr_pg1_1?ie=UTF8&adId=A08966022S8IDAQSIBLJL&url=%2FMolsis-Royal-Crunch-Cashews-Grams%2Fdp%2FB08MVYXCF5%2Fref%3Dsr_1_3_sspa%3Fdchild%3D1%26keywords%3DCashew%26qid%3D1613335028%26sr%3D8-3-spons%26psc%3D1&qualifier=1613335028&id=5430274987493906&widgetName=sp_atf
Nutraj Cashew Nuts W450 (400g X 2),"₹499 (₹99.80/100 g)
₹800",https://www.amazon.in/gp/slredirect/picassoRedirect.html/ref=pa_sp_atf_aps_sr_pg1_1?ie=UTF8&adId=A08966022S8IDAQSIBLJL&url=%2FMolsis-Royal-Crunch-Cashews-Grams%2Fdp%2FB08MVYXCF5%2Fref%3Dsr_1_3_sspa%3Fdchild%3D1%26keywords%3DCashew%26qid%3D1613335028%26sr%3D8-3-spons%26psc%3D1&qualifier=1613335028&id=5430274987493906&widgetName=sp_atf
Upcrop Premium W320 Cashew 500 grams,"₹960 (₹96/100 g)
₹1,620",https://www.amazon.in/gp/slredirect/picassoRedirect.html/ref=pa_sp_atf_aps_sr_pg1_1?ie=UTF8&adId=A06975982KMZ8VP27U281&url=%2FHappilo-100-Natural-Premium-Whole-Cashews%2Fdp%2FB0758J9P6J%2Fref%3Dsr_1_4_sspa%3Fdchild%3D1%26keywords%3DCashew%26qid%3D1613335028%26sr%3D8-4-spons%26psc%3D1&qualifier=1613335028&id=5430274987493906&widgetName=sp_atf
"Happilo 100% Natural Premium Whole Cashews, 200g",,https://www.amazon.in/gp/slredirect/picassoRedirect.html/ref=pa_sp_atf_aps_sr_pg1_1?ie=UTF8&adId=A06975982KMZ8VP27U281&url=%2FHappilo-100-Natural-Premium-Whole-Cashews%2Fdp%2FB0758J9P6J%2Fref%3Dsr_1_4_sspa%3Fdchild%3D1%26keywords%3DCashew%26qid%3D1613335028%26sr%3D8-4-spons%26psc%3D1&qualifier=1613335028&id=5430274987493906&widgetName=sp_atf
"Shara's Dry Fruits W320 Cashewnuts I Cashews I Kaju, 1kg","₹500 (₹100/100 g)
₹775",https://www.amazon.in/Happilo-100-Natural-Premium-Whole-Cashews/dp/B01LZ5DPXD/ref=sr_1_5?dchild=1&keywords=Cashew&qid=1613335028&sr=8-5
TOUCHSTONE - our motto is TOUCHSTONE Premium Whole Cashew Nuts W240-1KG (1000g),"₹235 (₹117.50/100 g)
₹280",https://www.amazon.in/Happilo-100-Natural-Premium-Whole-Cashews/dp/B01LZ5DPXD/ref=sr_1_5?dchild=1&keywords=Cashew&qid=1613335028&sr=8-5
,"₹499 (₹99.80/100 g)
₹1,399",https://www.amazon.in/Nutraj-Cashew-Nuts-W450-400g/dp/B08262491C/ref=sr_1_6?dchild=1&keywords=Cashew&qid=1613335028&sr=8-6
"Happilo 100% Natural Premium Whole Cashews Value Pack Pouch, 500 g","₹234 (₹117/100 g)
₹280",https://www.amazon.in/Nutraj-Cashew-Nuts-W450-400g/dp/B08262491C/ref=sr_1_6?dchild=1&keywords=Cashew&qid=1613335028&sr=8-6
"Amazon Brand - Vedaka Whole Cashews, 200g","₹630 (₹63/100 g)
₹950",https://www.amazon.in/Upcrop-Premium-W320-Cashew-grams/dp/B08HSWXRBH/ref=sr_1_7?dchild=1&keywords=Cashew&qid=1613335028&sr=8-7
"Spicy Carte Premium Cashews, 500gm","₹335 (₹335/count)
₹435",https://www.amazon.in/Upcrop-Premium-W320-Cashew-grams/dp/B08HSWXRBH/ref=sr_1_7?dchild=1&keywords=Cashew&qid=1613335028&sr=8-7
"Vedaka Popular Whole Cashews, 200g","₹999 (₹99.90/100 g)
₹1,198",https://www.amazon.in/Happilo-100-Natural-Premium-Whole-Cashews/dp/B01LZ5DPXD/ref=sxin_9?ascsubtag=amzn1.osa.f6dd08d4-1a84-4d38-bb59-f45d7deb16e6.A21TJRUUN4KGV.en_IN&creativeASIN=B01LZ5DPXD&cv_ct_cx=Cashew&cv_ct_id=amzn1.osa.f6dd08d4-1a84-4d38-bb59-f45d7deb16e6.A21TJRUUN4KGV.en_IN&cv_ct_pg=search&cv_ct_we=asin&cv_ct_wn=osp-single-source-earns-comm&dchild=1&keywords=Cashew&linkCode=oas&pd_rd_i=B01LZ5DPXD&pd_rd_r=14523315-791d-436f-9f80-d0386d7cbb25&pd_rd_w=OXZZm&pd_rd_wg=NqA3W&pf_rd_p=599399c8-267b-4dc7-956e-b752110ed447&pf_rd_r=887PPX0BTNVX5BFZNPT4&qid=1613335028&sr=1-1-483c64d8-df78-4008-ae20-e69f683e58b1&tag=mishryreviews-21
"Happilo 100% Natural Premium Whole Cashews 500g, Value Pack","₹496 (₹124/100 g)
₹670",https://www.amazon.in/Happilo-100-Natural-Premium-Whole-Cashews/dp/B01LZ5DPXD/ref=sxin_9?ascsubtag=amzn1.osa.f6dd08d4-1a84-4d38-bb59-f45d7deb16e6.A21TJRUUN4KGV.en_IN&creativeASIN=B01LZ5DPXD&cv_ct_cx=Cashew&cv_ct_id=amzn1.osa.f6dd08d4-1a84-4d38-bb59-f45d7deb16e6.A21TJRUUN4KGV.en_IN&cv_ct_pg=search&cv_ct_we=asin&cv_ct_wn=osp-single-source-earns-comm&dchild=1&keywords=Cashew&linkCode=oas&pd_rd_i=B01LZ5DPXD&pd_rd_r=14523315-791d-436f-9f80-d0386d7cbb25&pd_rd_w=OXZZm&pd_rd_wg=NqA3W&pf_rd_p=599399c8-267b-4dc7-956e-b752110ed447&pf_rd_r=887PPX0BTNVX5BFZNPT4&qid=1613335028&sr=1-1-483c64d8-df78-4008-ae20-e69f683e58b1&tag=mishryreviews-21
Stylo Premium Broken 4-Piece Cashew Nuts Spit Cashews 1kg,"₹758 (₹94.75/100 g)
₹1,199",https://www.amazon.in/Sharas-Dry-Fruits-Premium-Cashewnuts/dp/B07P12XNCM/ref=sxin_9?ascsubtag=amzn1.osa.f6dd08d4-1a84-4d38-bb59-f45d7deb16e6.A21TJRUUN4KGV.en_IN&creativeASIN=B07P12XNCM&cv_ct_cx=Cashew&cv_ct_id=amzn1.osa.f6dd08d4-1a84-4d38-bb59-f45d7deb16e6.A21TJRUUN4KGV.en_IN&cv_ct_pg=search&cv_ct_we=asin&cv_ct_wn=osp-single-source-earns-comm&dchild=1&keywords=Cashew&linkCode=oas&pd_rd_i=B07P12XNCM&pd_rd_r=14523315-791d-436f-9f80-d0386d7cbb25&pd_rd_w=OXZZm&pd_rd_wg=NqA3W&pf_rd_p=599399c8-267b-4dc7-956e-b752110ed447&pf_rd_r=887PPX0BTNVX5BFZNPT4&qid=1613335028&sr=1-2-483c64d8-df78-4008-ae20-e69f683e58b1&tag=mishryreviews-21
"Amazon Brand - Solimo Premium Cashews, 250g","₹569 (₹113.80/100 g)
₹700",https://www.amazon.in/Sharas-Dry-Fruits-Premium-Cashewnuts/dp/B07P12XNCM/ref=sxin_9?ascsubtag=amzn1.osa.f6dd08d4-1a84-4d38-bb59-f45d7deb16e6.A21TJRUUN4KGV.en_IN&creativeASIN=B07P12XNCM&cv_ct_cx=Cashew&cv_ct_id=amzn1.osa.f6dd08d4-1a84-4d38-bb59-f45d7deb16e6.A21TJRUUN4KGV.en_IN&cv_ct_pg=search&cv_ct_we=asin&cv_ct_wn=osp-single-source-earns-comm&dchild=1&keywords=Cashew&linkCode=oas&pd_rd_i=B07P12XNCM&pd_rd_r=14523315-791d-436f-9f80-d0386d7cbb25&pd_rd_w=OXZZm&pd_rd_wg=NqA3W&pf_rd_p=599399c8-267b-4dc7-956e-b752110ed447&pf_rd_r=887PPX0BTNVX5BFZNPT4&qid=1613335028&sr=1-2-483c64d8-df78-4008-ae20-e69f683e58b1&tag=mishryreviews-21
FarmOwn Whole Cashew Nut W320 Regular Size Cashews Kaju 1Kg,"₹999 (₹99.90/100 g)
₹1,198",https://www.amazon.in/TOUCHSTONE-ENTERPRISES-Whole-Cashew-1000G/dp/B074KMVJG3/ref=sxin_9?ascsubtag=amzn1.osa.f6dd08d4-1a84-4d38-bb59-f45d7deb16e6.A21TJRUUN4KGV.en_IN&creativeASIN=B074KMVJG3&cv_ct_cx=Cashew&cv_ct_id=amzn1.osa.f6dd08d4-1a84-4d38-bb59-f45d7deb16e6.A21TJRUUN4KGV.en_IN&cv_ct_pg=search&cv_ct_we=asin&cv_ct_wn=osp-single-source-earns-comm&dchild=1&keywords=Cashew&linkCode=oas&pd_rd_i=B074KMVJG3&pd_rd_r=14523315-791d-436f-9f80-d0386d7cbb25&pd_rd_w=OXZZm&pd_rd_wg=NqA3W&pf_rd_p=599399c8-267b-4dc7-956e-b752110ed447&pf_rd_r=887PPX0BTNVX5BFZNPT4&qid=1613335028&sr=1-3-483c64d8-df78-4008-ae20-e69f683e58b1&tag=mishryreviews-21
"Happilo 100% Natural Premium Whole Cashews, 200g (Pack of 2)","₹240 (₹96/100 g)
₹400",https://www.amazon.in/TOUCHSTONE-ENTERPRISES-Whole-Cashew-1000G/dp/B074KMVJG3/ref=sxin_9?ascsubtag=amzn1.osa.f6dd08d4-1a84-4d38-bb59-f45d7deb16e6.A21TJRUUN4KGV.en_IN&creativeASIN=B074KMVJG3&cv_ct_cx=Cashew&cv_ct_id=amzn1.osa.f6dd08d4-1a84-4d38-bb59-f45d7deb16e6.A21TJRUUN4KGV.en_IN&cv_ct_pg=search&cv_ct_we=asin&cv_ct_wn=osp-single-source-earns-comm&dchild=1&keywords=Cashew&linkCode=oas&pd_rd_i=B074KMVJG3&pd_rd_r=14523315-791d-436f-9f80-d0386d7cbb25&pd_rd_w=OXZZm&pd_rd_wg=NqA3W&pf_rd_p=599399c8-267b-4dc7-956e-b752110ed447&pf_rd_r=887PPX0BTNVX5BFZNPT4&qid=1613335028&sr=1-3-483c64d8-df78-4008-ae20-e69f683e58b1&tag=mishryreviews-21
"Fresh Nut House Premium Whole Kerala Origin Plain Cashew Nut, 500 Grams","₹850 (₹85/100 g)
₹1,400",https://www.amazon.in/Anandhiya-Caterers-Commercial-Restaurants-Off-White/dp/B07WJL8RY6/ref=sxin_9?ascsubtag=amzn1.osa.f6dd08d4-1a84-4d38-bb59-f45d7deb16e6.A21TJRUUN4KGV.en_IN&creativeASIN=B07WJL8RY6&cv_ct_cx=Cashew&cv_ct_id=amzn1.osa.f6dd08d4-1a84-4d38-bb59-f45d7deb16e6.A21TJRUUN4KGV.en_IN&cv_ct_pg=search&cv_ct_we=asin&cv_ct_wn=osp-single-source-earns-comm&dchild=1&keywords=Cashew&linkCode=oas&pd_rd_i=B07WJL8RY6&pd_rd_r=14523315-791d-436f-9f80-d0386d7cbb25&pd_rd_w=OXZZm&pd_rd_wg=NqA3W&pf_rd_p=599399c8-267b-4dc7-956e-b752110ed447&pf_rd_r=887PPX0BTNVX5BFZNPT4&qid=1613335028&sr=1-4-483c64d8-df78-4008-ae20-e69f683e58b1&tag=mishryreviews-21
WONDERLAND FOODS (DEVICE) Raw Cashew W320 Premium White (400g x 2) (800),"₹650 (₹65/100 g)
₹2,000",https://www.amazon.in/Anandhiya-Caterers-Commercial-Restaurants-Off-White/dp/B07WJL8RY6/ref=sxin_9?ascsubtag=amzn1.osa.f6dd08d4-1a84-4d38-bb59-f45d7deb16e6.A21TJRUUN4KGV.en_IN&creativeASIN=B07WJL8RY6&cv_ct_cx=Cashew&cv_ct_id=amzn1.osa.f6dd08d4-1a84-4d38-bb59-f45d7deb16e6.A21TJRUUN4KGV.en_IN&cv_ct_pg=search&cv_ct_we=asin&cv_ct_wn=osp-single-source-earns-comm&dchild=1&keywords=Cashew&linkCode=oas&pd_rd_i=B07WJL8RY6&pd_rd_r=14523315-791d-436f-9f80-d0386d7cbb25&pd_rd_w=OXZZm&pd_rd_wg=NqA3W&pf_rd_p=599399c8-267b-4dc7-956e-b752110ed447&pf_rd_r=887PPX0BTNVX5BFZNPT4&qid=1613335028&sr=1-4-483c64d8-df78-4008-ae20-e69f683e58b1&tag=mishryreviews-21
"Amazon Brand - Vedaka Whole Cashews, (500g)","₹160 (₹160/100 g)
₹195",https://www.amazon.in/Happilo-Natural-Premium-Whole-Cashews/dp/B08487XKYR/ref=sr_1_8?dchild=1&keywords=Cashew&qid=1613335028&sr=8-8
Nutraj Special Cashew Nuts W320 500g,"₹824 (₹82.40/100 g)
₹1,099",https://www.amazon.in/Happilo-Natural-Premium-Whole-Cashews/dp/B08487XKYR/ref=sr_1_8?dchild=1&keywords=Cashew&qid=1613335028&sr=8-8
FarmOwn Whole Cashew Nut W320 Regular Size Cashews Kaju 1Kg,"₹500 (₹100/100 g)
₹699",https://www.amazon.in/Amazon-Brand-Vedaka-Popular-Cashews/dp/B07GQZSS48/ref=sr_1_9?dchild=1&keywords=Cashew&qid=1613335028&sr=8-9
Evergreen Farms Natural Organic Cashew Kaju Wholes with Natural Taste in Pet Jar 1 Kg,"₹620 (₹62.63/100 g)
₹790",https://www.amazon.in/Amazon-Brand-Vedaka-Popular-Cashews/dp/B07GQZSS48/ref=sr_1_9?dchild=1&keywords=Cashew&qid=1613335028&sr=8-9
Rivazo 100% Natural Fresh Whole Organic Cashew Nuts Kaju in Pet Jar 250 Grams,"₹600 (₹120/100 g)
₹630",https://www.amazon.in/Spicy-Carte-Premium-Cashew-500gm/dp/B07L32CFGY/ref=sr_1_10?dchild=1&keywords=Cashew&qid=1613335028&sr=8-10
Rivazo 100% Natural Fresh Organic Whole Cashew Nuts Kaju 1 Kg,"₹499 (₹99.80/100 g)
₹600",https://www.amazon.in/Spicy-Carte-Premium-Cashew-500gm/dp/B07L32CFGY/ref=sr_1_10?dchild=1&keywords=Cashew&qid=1613335028&sr=8-10
"Ancy Foods 100% Natural Cashews Kernels Piece Split Nut, Big Size, High Quality (Kaju 2 Tukda) Dry Fruit,1kg","₹215 (₹107.50/100 g)
₹240",https://www.amazon.in/Amazon-Brand-Vedaka-Popular-Cashews/dp/B07GR4MMR1/ref=sr_1_11?dchild=1&fpw=pantry&keywords=Cashew&qid=1613335028&s=pantry&sr=8-11
"Pro Nature 100% Organic Cashew Nuts, 100g","₹949 (₹94.90/100 g)
₹1,625",https://www.amazon.in/Amazon-Brand-Vedaka-Popular-Cashews/dp/B07GR4MMR1/ref=sr_1_11?dchild=1&fpw=pantry&keywords=Cashew&qid=1613335028&s=pantry&sr=8-11
"Amazon Brand - Vedaka Popular Whole Cashews, 100g","₹296 (₹148/100 g)
₹395",https://www.amazon.in/Happilo-Natural-Premium-Whole-Cashews/dp/B084GLTVCB/ref=sr_1_12?dchild=1&fpw=pantry&keywords=Cashew&qid=1613335028&s=pantry&sr=8-12
"Fresh Nut House Dry Roasted Lightly Salted Cashew Nut, 500 Grams","₹625 (₹62,500/100 g)
₹699",https://www.amazon.in/Happilo-Natural-Premium-Whole-Cashews/dp/B084GLTVCB/ref=sr_1_12?dchild=1&fpw=pantry&keywords=Cashew&qid=1613335028&s=pantry&sr=8-12
"Ziofit Indian Whole Cashewnuts, 500g (Buy 1 Get 1 Free)","₹360 (₹72/100 g)
₹460",https://www.amazon.in/Stylo-Premium-Broken-4-Piece-Cashews/dp/B089YWKWFF/ref=sr_1_13?dchild=1&keywords=Cashew&qid=1613335028&sr=8-13
FreshoGen Cashew Nut W320 Premium Whole Kaju - 500 Grams,"₹569 (₹569/count)
₹599",https://www.amazon.in/Stylo-Premium-Broken-4-Piece-Cashews/dp/B089YWKWFF/ref=sr_1_13?dchild=1&keywords=Cashew&qid=1613335028&sr=8-13
Kalyan Gems Broken Cashew Nuts 1kg 4-Pieces Splits kaju,"₹440 (₹88/100 g)
₹800",https://www.amazon.in/Amazon-Brand-Solimo-Premium-Cashews/dp/B01LPY9PHI/ref=sr_1_14?dchild=1&keywords=Cashew&qid=1613335028&sr=8-14
ZANTYE Goa Cashews (W240) 500gms,"₹214 (₹107/100 g)
₹240",https://www.amazon.in/Amazon-Brand-Solimo-Premium-Cashews/dp/B01LPY9PHI/ref=sr_1_14?dchild=1&keywords=Cashew&qid=1613335028&sr=8-14
nutndiet Fresh Crunchy Cashews Economy (Super Small) Wholes (500g),"₹530 (₹106/100 g)
₹630",https://www.amazon.in/FarmOwn-Whole-Cashew-Regular-Cashews/dp/B07X9NLL8T/ref=sr_1_15?dchild=1&keywords=Cashew&qid=1613335028&sr=8-15
"Vedaka Popular Cashews - Broken, 200g","₹505 (₹101/100 g)
₹600",https://www.amazon.in/FarmOwn-Whole-Cashew-Regular-Cashews/dp/B07X9NLL8T/ref=sr_1_15?dchild=1&keywords=Cashew&qid=1613335028&sr=8-15
"Molsi's Royal Crunch Cashews, 1kg (200g x 5)","₹251 (₹125.50/100 g)
₹285",https://www.amazon.in/Happilo-100-Natural-Premium-Whole-Cashews/dp/B0758J9P6J/ref=sr_1_16?dchild=1&keywords=Cashew&qid=1613335028&sr=8-16
"Happilo Premium Toasted and Salted Cashews, 200g","₹621 (₹124.20/100 g)
₹876",https://www.amazon.in/Happilo-100-Natural-Premium-Whole-Cashews/dp/B0758J9P6J/ref=sr_1_16?dchild=1&keywords=Cashew&qid=1613335028&sr=8-16
Organic Nuts® Cashews Nuts Broken 2 - 3 Pieces (White & Fresh) [Vacuum Pack] - 900g,"₹593 (₹296.50/100 g)
₹790",https://www.amazon.in/Fresh-Nut-House-Premium-Cashew/dp/B07SX9KKK7/ref=sr_1_17?dchild=1&keywords=Cashew&qid=1613335028&sr=8-17
Stylo Premium Broken 4-Piece Cashew Nuts Spit Cashews 500g,"₹356
25 (₹178.13/100 g)
₹375",https://www.amazon.in/Fresh-Nut-House-Premium-Cashew/dp/B07SX9KKK7/ref=sr_1_17?dchild=1&keywords=Cashew&qid=1613335028&sr=8-17
"GreenFinity® 500g Dry Fruits Combo Pack of Premium Almond, 250g & Cashew Nuts, 250g.","₹699 (₹699/count)
₹1,398",https://www.amazon.in/WONDERLAND-FOODS-DEVICE-Cashew-Premium/dp/B08P71LG4Q/ref=sr_1_18?dchild=1&keywords=Cashew&qid=1613335028&sr=8-18
Rivazo Owen Roasted Brownish and Crispy Whole Cashew Nuts Kaju in Pet Jar 500 Grams,"₹399 (₹199.50/100 g)
₹435",https://www.amazon.in/WONDERLAND-FOODS-DEVICE-Cashew-Premium/dp/B08P71LG4Q/ref=sr_1_18?dchild=1&keywords=Cashew&qid=1613335028&sr=8-18
"Amazon Brand - Vedaka Popular Cashews - Broken, 200g","₹241 (₹120.50/100 g)
₹335",https://www.amazon.in/Amazon-Brand-Vedaka-Popular-Cashews/dp/B07GQW1HHN/ref=sr_1_19?dchild=1&keywords=Cashew&qid=1613335028&sr=8-19
Tulsi Whole Cashew Premium (Vacuum Pack) 500g,"₹357 (₹79.33/100 g)
₹699",https://www.amazon.in/Amazon-Brand-Vedaka-Popular-Cashews/dp/B07GQW1HHN/ref=sr_1_19?dchild=1&keywords=Cashew&qid=1613335028&sr=8-19
Azra Cashews W240 Premium Quality Cashews 500gms,"₹109 (₹109/100 g)
₹120",https://www.amazon.in/Nutraj-Healthy-Bites-Cashew-Nuts/dp/B07CK575ZB/ref=sr_1_20?dchild=1&keywords=Cashew&qid=1613335028&sr=8-20
"Molsi’s Royal Crunch Cashews, 200 Grams","₹475 (₹95/100 g)
₹990",https://www.amazon.in/Nutraj-Healthy-Bites-Cashew-Nuts/dp/B07CK575ZB/ref=sr_1_20?dchild=1&keywords=Cashew&qid=1613335028&sr=8-20
"Healthy Feast W320 Premium Cashew Nuts, Cashews 500gm","₹854 (₹85.40/100 g)
₹902",https://www.amazon.in/gp/slredirect/picassoRedirect.html/ref=pa_sp_mtf_aps_sr_pg1_1?ie=UTF8&adId=A0661549AMDIKDNO2GWB&url=%2FFarmOwn-Whole-Cashew-Regular-Cashews%2Fdp%2FB07X9NLL8T%2Fref%3Dsr_1_21_sspa%3Fdchild%3D1%26keywords%3DCashew%26qid%3D1613335028%26sr%3D8-21-spons%26psc%3D1%26smid%3DASFFTWBLDQTW&qualifier=1613335028&id=5430274987493906&widgetName=sp_mtf
"Happilo Premium Toasted and Salted Cashews, 200g (Pack of 2)","₹350 (₹70/100 g)
₹450",https://www.amazon.in/gp/slredirect/picassoRedirect.html/ref=pa_sp_mtf_aps_sr_pg1_1?ie=UTF8&adId=A0661549AMDIKDNO2GWB&url=%2FFarmOwn-Whole-Cashew-Regular-Cashews%2Fdp%2FB07X9NLL8T%2Fref%3Dsr_1_21_sspa%3Fdchild%3D1%26keywords%3DCashew%26qid%3D1613335028%26sr%3D8-21-spons%26psc%3D1%26smid%3DASFFTWBLDQTW&qualifier=1613335028&id=5430274987493906&widgetName=sp_mtf
"Cornitos Roasted Cashew, Crack Pepper, 200g","₹790 (₹790/count)
₹860",https://www.amazon.in/gp/slredirect/picassoRedirect.html/ref=pa_sp_mtf_aps_sr_pg1_1?ie=UTF8&adId=A01076521YDUD0Y5RR8NF&url=%2FEvergreen-Farms-Natural-Organic-Cashew%2Fdp%2FB08BLRGPSF%2Fref%3Dsr_1_22_sspa%3Fdchild%3D1%26keywords%3DCashew%26qid%3D1613335028%26sr%3D8-22-spons%26psc%3D1&qualifier=1613335028&id=5430274987493906&widgetName=sp_mtf
Farmown Cashew Nuts Broken 4 Pieces 1 Kg Kaju Tukda Cashews,"₹129 (₹129/100 g)
₹280",https://www.amazon.in/gp/slredirect/picassoRedirect.html/ref=pa_sp_mtf_aps_sr_pg1_1?ie=UTF8&adId=A01076521YDUD0Y5RR8NF&url=%2FEvergreen-Farms-Natural-Organic-Cashew%2Fdp%2FB08BLRGPSF%2Fref%3Dsr_1_22_sspa%3Fdchild%3D1%26keywords%3DCashew%26qid%3D1613335028%26sr%3D8-22-spons%26psc%3D1&qualifier=1613335028&id=5430274987493906&widgetName=sp_mtf
"Nutty Gritties Southern Pepper Cashew Nuts, Dry Roasted, Non Fried, Zero Oil, 200g","₹897 (₹99.67/100 g)
₹1,255",https://www.amazon.in/gp/slredirect/picassoRedirect.html/ref=pa_sp_mtf_aps_sr_pg1_1?ie=UTF8&adId=A05333292UM0JBH2W9M4K&url=%2FRivazo-Natural-Fresh-Organic-Cashew%2Fdp%2FB082MBPBV4%2Fref%3Dsr_1_23_sspa%3Fdchild%3D1%26keywords%3DCashew%26qid%3D1613335028%26sr%3D8-23-spons%26psc%3D1&qualifier=1613335028&id=5430274987493906&widgetName=sp_mtf
Nutraj Cashew Nuts W450 400g,"₹630 (₹78.75/100 g)
₹1,528",https://www.amazon.in/gp/slredirect/picassoRedirect.html/ref=pa_sp_atf_next_aps_sr_pg2_1?ie=UTF8&adId=A0471083U7A9QQYC8LU3&url=%2FNutraj-Special-Cashew-Nuts-W450%2Fdp%2FB082622T73%2Fref%3Dsr_1_49_sspa%3Fdchild%3D1%26keywords%3DCashew%26qid%3D1613335028%26sr%3D8-49-spons%26psc%3D1&qualifier=1613335044&id=5761534529140087&widgetName=sp_atf_next
Cashew Nut W450 (800g) Benin Quality | Borma Dried | Snow White Directly From Processing Plant,"₹427 (₹85.40/100 g)
₹800",https://www.amazon.in/gp/slredirect/picassoRedirect.html/ref=pa_sp_atf_next_aps_sr_pg2_1?ie=UTF8&adId=A0471083U7A9QQYC8LU3&url=%2FNutraj-Special-Cashew-Nuts-W450%2Fdp%2FB082622T73%2Fref%3Dsr_1_49_sspa%3Fdchild%3D1%26keywords%3DCashew%26qid%3D1613335028%26sr%3D8-49-spons%26psc%3D1&qualifier=1613335044&id=5761534529140087&widgetName=sp_atf_next
Evergreen Farms Fresh Whole Cashews Kaju 500 Grams,"₹860 (₹86/100 g)
₹1,450",https://www.amazon.in/gp/slredirect/picassoRedirect.html/ref=pa_sp_atf_next_aps_sr_pg2_1?ie=UTF8&adId=A0356756J63Z5BCQ1WNS&url=%2FCashew-Benin-Quality-Directly-Processing%2Fdp%2FB08PPGWDJQ%2Fref%3Dsr_1_50_sspa%3Fdchild%3D1%26keywords%3DCashew%26qid%3D1613335028%26sr%3D8-50-spons%26psc%3D1&qualifier=1613335044&id=5761534529140087&widgetName=sp_atf_next
Evergreen Farms Fresh Roasted Light Brown Whole Cashews Cashew Nut (Kaju) in Pet Jar 1 Kg,"₹865 (₹86.50/100 g)
₹1,600",https://www.amazon.in/gp/slredirect/picassoRedirect.html/ref=pa_sp_atf_next_aps_sr_pg2_1?ie=UTF8&adId=A0356756J63Z5BCQ1WNS&url=%2FCashew-Benin-Quality-Directly-Processing%2Fdp%2FB08PPGWDJQ%2Fref%3Dsr_1_50_sspa%3Fdchild%3D1%26keywords%3DCashew%26qid%3D1613335028%26sr%3D8-50-spons%26psc%3D1&qualifier=1613335044&id=5761534529140087&widgetName=sp_atf_next
Evergreen Farms Natural Organic Cashew Kaju Wholes with Natural Taste in Pet Jar 1 Kg,"₹419 (₹83.80/100 g)
₹749",https://www.amazon.in/gp/slredirect/picassoRedirect.html/ref=pa_sp_atf_next_aps_sr_pg2_1?ie=UTF8&adId=A01853592E434PDDDP7O2&url=%2FEvergreen-Farms-Fresh-Whole-Cashews%2Fdp%2FB07V2G7K2K%2Fref%3Dsr_1_51_sspa%3Fdchild%3D1%26keywords%3DCashew%26qid%3D1613335028%26sr%3D8-51-spons%26psc%3D1&qualifier=1613335044&id=5761534529140087&widgetName=sp_atf_next
"TOUCHSTONE - our motto is TOUCHSTONE Half Broken Cashew Nuts (Half Kernels, 500g)","₹349 (₹349/count)
₹400",https://www.amazon.in/gp/slredirect/picassoRedirect.html/ref=pa_sp_atf_next_aps_sr_pg2_1?ie=UTF8&adId=A01853592E434PDDDP7O2&url=%2FEvergreen-Farms-Fresh-Whole-Cashews%2Fdp%2FB07V2G7K2K%2Fref%3Dsr_1_51_sspa%3Fdchild%3D1%26keywords%3DCashew%26qid%3D1613335028%26sr%3D8-51-spons%26psc%3D1&qualifier=1613335044&id=5761534529140087&widgetName=sp_atf_next
"NatureVit Roasted Cashew Nuts, 250g [Salted]","₹659 (₹131.80/100 g)
₹875",https://www.amazon.in/gp/slredirect/picassoRedirect.html/ref=pa_sp_atf_next_aps_sr_pg2_1?ie=UTF8&adId=A00019781YP63EUA72566&url=%2FEvergreen-Farms-Roasted-Cashews-Cashew%2Fdp%2FB07X12FJBJ%2Fref%3Dsr_1_52_sspa%3Fdchild%3D1%26keywords%3DCashew%26qid%3D1613335028%26sr%3D8-52-spons%26psc%3D1&qualifier=1613335044&id=5761534529140087&widgetName=sp_atf_next
TOUCHSTONE - our motto is TOUCHSTONE Whole Cashew Nuts -W210 (500 Gms),"₹479 (₹95.80/100 g)
₹800",https://www.amazon.in/gp/slredirect/picassoRedirect.html/ref=pa_sp_atf_next_aps_sr_pg2_1?ie=UTF8&adId=A00019781YP63EUA72566&url=%2FEvergreen-Farms-Roasted-Cashews-Cashew%2Fdp%2FB07X12FJBJ%2Fref%3Dsr_1_52_sspa%3Fdchild%3D1%26keywords%3DCashew%26qid%3D1613335028%26sr%3D8-52-spons%26psc%3D1&qualifier=1613335044&id=5761534529140087&widgetName=sp_atf_next
"Bola Cashew Nuts with Skin (Natural Wholes with skin), 500 Grams","₹349 (₹87.25/100 g)
₹699",https://www.amazon.in/Evergreen-Farms-Natural-Organic-Cashew/dp/B08BLRGPSF/ref=sr_1_53?dchild=1&keywords=Cashew&qid=1613335028&sr=8-53
"InSeed Premium Vacuum Packed Cashews, 400gm","₹336 (₹23.81/Oz)
₹499",https://www.amazon.in/Evergreen-Farms-Natural-Organic-Cashew/dp/B08BLRGPSF/ref=sr_1_53?dchild=1&keywords=Cashew&qid=1613335028&sr=8-53
Nutraj Broken Cashews 4 Pieces Split Nut 400g,"₹1,099 (₹109.90/100 g)
₹1,398",https://www.amazon.in/TOUCHSTONE-motto-Broken-Cashew-Kernels/dp/B076KQVXZT/ref=sr_1_54?dchild=1&keywords=Cashew&qid=1613335028&sr=8-54
"Mother Organic Cashew Nut, 500g","₹690 (₹76.67/100 g)
₹1,200",https://www.amazon.in/TOUCHSTONE-motto-Broken-Cashew-Kernels/dp/B076KQVXZT/ref=sr_1_54?dchild=1&keywords=Cashew&qid=1613335028&sr=8-54
Nutraj Special Cashew Nuts W320 - 1Kg (2 X 500g),"₹525 (₹105/100 g)
₹800",https://www.amazon.in/NatureVit-Roasted-Cashew-Nuts-Salted/dp/B08V1969WL/ref=sr_1_55?dchild=1&keywords=Cashew&qid=1613335028&sr=8-55
"Bague 100% Natural Cashews Kernels 2 Piece Split Nut, 900g Big Size, (Kaju 2 Tukda) Dry Fruit,","₹875 (₹87.50/100 g)
₹950",https://www.amazon.in/NatureVit-Roasted-Cashew-Nuts-Salted/dp/B08V1969WL/ref=sr_1_55?dchild=1&keywords=Cashew&qid=1613335028&sr=8-55
"WONDERLAND FOODS (DEVICE) Plain Cashew Nuts , 500 g",₹200 (₹200/100 g),https://www.amazon.in/TOUCHSTONE-motto-Whole-Cashew-Nuts/dp/B074N78SW7/ref=sr_1_56?dchild=1&keywords=Cashew&qid=1613335028&sr=8-56
"Watheen Cashew W320 1kg with Zero Cholestrol, Ideal for Baking, Cooking and Healthy Snacking","₹287 (₹1.15/Item)
₹400",https://www.amazon.in/TOUCHSTONE-motto-Whole-Cashew-Nuts/dp/B074N78SW7/ref=sr_1_56?dchild=1&keywords=Cashew&qid=1613335028&sr=8-56
Farmown Cashew Nuts Broken 4 Pieces 500 Grams Kaju Tukda Cashews,"₹208 (₹208/100 g)
₹249",https://www.amazon.in/BOLA-Cashew-Natural-Wholes-Grams/dp/B08B833VGG/ref=sr_1_57?dchild=1&keywords=Cashew&qid=1613335028&sr=8-57
"24 Mantra Organic Cashew Whole, 100g","₹235 (₹117.50/100 g)
₹280",https://www.amazon.in/BOLA-Cashew-Natural-Wholes-Grams/dp/B08B833VGG/ref=sr_1_57?dchild=1&keywords=Cashew&qid=1613335028&sr=8-57
"NUTS ABOUT YOU Cashews Jumbo Pouch, 250 g","₹1,199 (₹1,199/count)
₹1,480",https://www.amazon.in/InSeed-Premium-Vacuum-Packed-Cashews/dp/B08L8C27B3/ref=sr_1_58?dchild=1&keywords=Cashew&qid=1613335028&sr=8-58
Ariga Foods Cashew Nuts Cheese & Herbs Flavoured Healthy & Nutritious Supersnack 100Gm Pack of 1,"₹1,009 (₹100.90/100 g)
₹1,400",https://www.amazon.in/InSeed-Premium-Vacuum-Packed-Cashews/dp/B08L8C27B3/ref=sr_1_58?dchild=1&keywords=Cashew&qid=1613335028&sr=8-58
Nutraj Special Cashew Nuts W320 500g,"₹425 (₹106.25/100 g)
₹445",https://www.amazon.in/Nutraj-Broken-Cashews-Pieces-Split/dp/B08B4WBY8C/ref=sr_1_49?dchild=1&keywords=Cashew&qid=1613335028&sr=8-49
"Amazon Brand - Vedaka Whole Cashews, 200g",₹250 (₹142.86/100 g),https://www.amazon.in/Nutraj-Broken-Cashews-Pieces-Split/dp/B08B4WBY8C/ref=sr_1_49?dchild=1&keywords=Cashew&qid=1613335028&sr=8-49
FarmOwn W240 Large Size Cashews Whole Cashew Nut 1 Kg,"₹257 (₹122.38/100 g)
₹429",https://www.amazon.in/Mother-Organic-Cashew-Nut-500g/dp/B01FKQNX8O/ref=sr_1_50?dchild=1&keywords=Cashew&qid=1613335028&sr=8-50
"WONDERLAND FOODS (DEVICE) Plain Raw Cashews Nuts - 1 Kg, W400, 400 Pieces in a Pound","₹999 (₹133.20/100 g)
₹1,499",https://www.amazon.in/Nutraj-Cashew-Nuts-500g-W320/dp/B07DL7V78V/ref=sr_1_51?dchild=1&keywords=Cashew&qid=1613335028&sr=8-51
"Ziofit Indian Whole Cashewnuts, 200g (Buy 1 Get 1 Free)","₹416 (₹166.40/100 g)
₹499",https://www.amazon.in/Nutraj-Cashew-Nuts-500g-W320/dp/B07DL7V78V/ref=sr_1_51?dchild=1&keywords=Cashew&qid=1613335028&sr=8-51
Haldiram's Nagpur Salted Kaju 175 gms (35 gm x Pack of 5),"₹350 (₹140/100 g)
₹420",https://www.amazon.in/Bague-Natural-Cashews-Kernels-Piece/dp/B08NKBQ7W9/ref=sr_1_52?dchild=1&keywords=Cashew&qid=1613335028&sr=8-52
Mustin Peri peri Cashews (210g),"₹487 (₹487/count)
₹634",https://www.amazon.in/Bague-Natural-Cashews-Kernels-Piece/dp/B08NKBQ7W9/ref=sr_1_52?dchild=1&keywords=Cashew&qid=1613335028&sr=8-52
RawFruit by HyperFoods Whole Cashew Popular & Premium Plain Raw Cashewnut Kaju Dry Fruit 750gm PET Jar Mangalore W240 (250 Grams Jar X 3 Units),"₹320 (₹128/100 g)
₹360",https://www.amazon.in/WONDERLAND-FOODS-DEVICE-Plain-Cashew/dp/B07H8BRXHP/ref=sr_1_53?dchild=1&keywords=Cashew&qid=1613335028&sr=8-53
"Amazon Brand - Vedaka Premium Roasted and Salted Cashews, 200g","₹499 (₹124.75/100 g)
₹699",https://www.amazon.in/WONDERLAND-FOODS-DEVICE-Plain-Cashew/dp/B07H8BRXHP/ref=sr_1_53?dchild=1&keywords=Cashew&qid=1613335028&sr=8-53
Ariga Foods Cashew Nuts Himalayan Pink Salted Flavoured Premium Healthy & Nutritious Supersnack 250Gm Pack of 1,"₹585 (₹117/100 g)
₹1,000",https://www.amazon.in/Watheen-Cholestrol-Cooking-Healthy-Snacking/dp/B089GSP162/ref=sr_1_54?dchild=1&keywords=Cashew&qid=1613335028&sr=8-54
Zantye Pepper Cashew 250 Grams,"₹1,009 (₹100.90/100 g)
₹1,400",https://www.amazon.in/Watheen-Cholestrol-Cooking-Healthy-Snacking/dp/B089GSP162/ref=sr_1_54?dchild=1&keywords=Cashew&qid=1613335028&sr=8-54
"Eighty7 Raisins and Cashews Combo(250 gms each), 500g","₹654 (₹72.67/100 g)
₹4,799",https://www.amazon.in/Farmown-Cashew-Broken-Pieces-Cashews/dp/B08KST4ZF5/ref=sr_1_55?dchild=1&keywords=Cashew&qid=1613335028&sr=8-55
Wonderland Foods (Device) Plain Raw Cashews -1 Kg,"₹1,199 (₹1,199/count)
₹1,480",https://www.amazon.in/Farmown-Cashew-Broken-Pieces-Cashews/dp/B08KST4ZF5/ref=sr_1_55?dchild=1&keywords=Cashew&qid=1613335028&sr=8-55
"Chota Mota Premium Whole Cashew Nuts W320, 250g Resealable Pack","₹230 (₹115/100 g)
₹270",https://www.amazon.in/24-Mantra-Organic-Cashew-Whole/dp/B00L926T44/ref=sr_1_56?dchild=1&keywords=Cashew&qid=1613335028&sr=8-56
FreshoGen Cashew Nut Kerala Origin Premium Whole Kaju Plain & Raw - 500 Grams,"₹1,119 (₹111.90/100 g)
₹1,500",https://www.amazon.in/24-Mantra-Organic-Cashew-Whole/dp/B00L926T44/ref=sr_1_56?dchild=1&keywords=Cashew&qid=1613335028&sr=8-56
Royal Dry Fruits Plain Whole Premium Cashews 500gm,₹430 (₹86/100 g),https://www.amazon.in/NUTS-ABOUT-YOU-Cashews-Jumbo/dp/B06X8ZCKQ7/ref=sr_1_57?dchild=1&keywords=Cashew&qid=1613335028&sr=8-57
"WONDERLAND FOODS (DEVICE) Plain Raw Cashews Nuts - 1 Kg, W400, 400 Pieces in a Pound","₹356
25 (₹178.13/100 g)
₹375",https://www.amazon.in/NUTS-ABOUT-YOU-Cashews-Jumbo/dp/B06X8ZCKQ7/ref=sr_1_57?dchild=1&keywords=Cashew&qid=1613335028&sr=8-57
"SFT Cashews Kernels 4 Piece Broken, (Kaju 4 Tukda) Pure Mangalore [Grade- 4 Piece�Broken] 900 Gm","₹440 (₹176/100 g)
₹500",https://www.amazon.in/Ariga-Foods-Flavoured-Nutritious-Supersnack/dp/B08RZ88H6B/ref=sr_1_58?dchild=1&keywords=Cashew&qid=1613335028&sr=8-58
Stylo Broken Kashews (500 GMS) Cashews raw Plain 4 Pieces Splits Nut,"₹355 (₹177.50/100 g)
₹385",https://www.amazon.in/Ariga-Foods-Flavoured-Nutritious-Supersnack/dp/B08RZ88H6B/ref=sr_1_58?dchild=1&keywords=Cashew&qid=1613335028&sr=8-58
FarmOwn W240 Large Size Cashews Whole Cashew Nut 1 Kg,"₹699 (₹139.80/100 g)
₹900",https://www.amazon.in/gp/slredirect/picassoRedirect.html/ref=pa_sp_mtf_aps_sr_pg2_1?ie=UTF8&adId=A03738251HDC9GMX71CP4&url=%2FNutraj-Healthy-Bites-Cashew-Nuts%2Fdp%2FB07CK575ZB%2Fref%3Dsr_1_59_sspa%3Fdchild%3D1%26keywords%3DCashew%26qid%3D1613335028%26sr%3D8-59-spons%26psc%3D1&qualifier=1613335044&id=5761534529140087&widgetName=sp_mtf
Naturoz Whole Cashews 200g,"₹870 (₹87/100 g)
₹1,500",https://www.amazon.in/gp/slredirect/picassoRedirect.html/ref=pa_sp_mtf_aps_sr_pg2_1?ie=UTF8&adId=A03738251HDC9GMX71CP4&url=%2FNutraj-Healthy-Bites-Cashew-Nuts%2Fdp%2FB07CK575ZB%2Fref%3Dsr_1_59_sspa%3Fdchild%3D1%26keywords%3DCashew%26qid%3D1613335028%26sr%3D8-59-spons%26psc%3D1&qualifier=1613335044&id=5761534529140087&widgetName=sp_mtf
Touchstone W270-1KG Premium Whole Cashew Nuts W270-1000g (1000 Grams),"₹250 (₹100/100 g)
₹400",https://www.amazon.in/gp/slredirect/picassoRedirect.html/ref=pa_sp_mtf_aps_sr_pg2_1?ie=UTF8&adId=A0695171HCIWK47CJEH5&url=%2FAmazon-Brand-Vedaka-Popular-Cashews%2Fdp%2FB07GQZSS48%2Fref%3Dsr_1_60_sspa%3Fdchild%3D1%26keywords%3DCashew%26qid%3D1613335028%26sr%3D8-60-spons%26psc%3D1&qualifier=1613335044&id=5761534529140087&widgetName=sp_mtf
Tulsi Split Cashews (2 Piece) 500g,"₹390 (₹156/100 g)
₹450",https://www.amazon.in/gp/slredirect/picassoRedirect.html/ref=pa_sp_mtf_aps_sr_pg2_1?ie=UTF8&adId=A0695171HCIWK47CJEH5&url=%2FAmazon-Brand-Vedaka-Popular-Cashews%2Fdp%2FB07GQZSS48%2Fref%3Dsr_1_60_sspa%3Fdchild%3D1%26keywords%3DCashew%26qid%3D1613335028%26sr%3D8-60-spons%26psc%3D1&qualifier=1613335044&id=5761534529140087&widgetName=sp_mtf
"Cornitos Roasted Cashew Lightly Salted, 200 g","₹839 (₹83.90/100 g)
₹1,600",https://www.amazon.in/gp/slredirect/picassoRedirect.html/ref=pa_sp_mtf_aps_sr_pg2_1?ie=UTF8&adId=A03938892HNVPZRCLGY8O&url=%2FFarmOwn-Large-Cashews-Whole-Cashew%2Fdp%2FB08KSD6D74%2Fref%3Dsr_1_61_sspa%3Fdchild%3D1%26keywords%3DCashew%26qid%3D1613335028%26sr%3D8-61-spons%26psc%3D1&qualifier=1613335044&id=5761534529140087&widgetName=sp_mtf
"ZEONELY MART Cashews Nuts Broken 4-Piece Cashew Nuts Spit Cashews (Kaju 4 Tukda), 1kg","₹955 (₹95.50/100 g)
₹1,270",https://www.amazon.in/gp/slredirect/picassoRedirect.html/ref=pa_sp_mtf_aps_sr_pg2_1?ie=UTF8&adId=A03938892HNVPZRCLGY8O&url=%2FFarmOwn-Large-Cashews-Whole-Cashew%2Fdp%2FB08KSD6D74%2Fref%3Dsr_1_61_sspa%3Fdchild%3D1%26keywords%3DCashew%26qid%3D1613335028%26sr%3D8-61-spons%26psc%3D1&qualifier=1613335044&id=5761534529140087&widgetName=sp_mtf
"Dry Fruit Hub Cashew Nuts 250g, Kaju, Salted Cashew Nuts Oil Free, Salted And Roasted Kaju, Roasted Cashews - Salted","₹1,219 (₹121.90/100 g)
₹1,700",https://www.amazon.in/gp/slredirect/picassoRedirect.html/ref=pa_sp_mtf_aps_sr_pg2_1?ie=UTF8&adId=A057716820KLAPWYURMT8&url=%2FWONDERLAND-FOODS-DEVICE-Plain-Cashews%2Fdp%2FB08BHQKCGS%2Fref%3Dsr_1_62_sspa%3Fdchild%3D1%26keywords%3DCashew%26qid%3D1613335028%26sr%3D8-62-spons%26psc%3D1%26smid%3DA3Q58IX1F9MQOH&qualifier=1613335044&id=5761534529140087&widgetName=sp_mtf
YUM YUM Cashew Nuts W400 Kaju 500g (Pack of 2 -250g Each),"₹569 (₹113.80/100 g)
₹700",https://www.amazon.in/gp/slredirect/picassoRedirect.html/ref=pa_sp_mtf_aps_sr_pg2_1?ie=UTF8&adId=A057716820KLAPWYURMT8&url=%2FWONDERLAND-FOODS-DEVICE-Plain-Cashews%2Fdp%2FB08BHQKCGS%2Fref%3Dsr_1_62_sspa%3Fdchild%3D1%26keywords%3DCashew%26qid%3D1613335028%26sr%3D8-62-spons%26psc%3D1%26smid%3DA3Q58IX1F9MQOH&qualifier=1613335044&id=5761534529140087&widgetName=sp_mtf
URBANS Cashew Nuts Premium Roasted & Salted Cashews in TIN – Grade W240 |Export Quality Cashew | Premium Grade Cashew Nuts - 200 Grams (TIN),"₹799 (₹79.90/100 g)
₹1,500",https://www.amazon.in/Ziofit-Indian-Whole-Cashewnuts-200g/dp/B07GJRBGZ2/ref=sr_1_63?dchild=1&keywords=Cashew&qid=1613335028&sr=8-63
Nutraj Cashew Nuts W320 250g,"₹313 (₹125.20/100 g)
₹529",https://www.amazon.in/gp/slredirect/picassoRedirect.html/ref=pa_sp_atf_next_aps_sr_pg3_1?ie=UTF8&adId=A03532491EX49XVILR8DM&url=%2FNutraj-Healthy-Bites-Premium-Cashew%2Fdp%2FB06ZYRLHXW%2Fref%3Dsr_1_97_sspa%3Fdchild%3D1%26keywords%3DCashew%26qid%3D1613335044%26sr%3D8-97-spons%26psc%3D1&qualifier=1613335057&id=1254199045063381&widgetName=sp_atf_next
WONDERLAND FOODS (DEVICE) Raw Cashew W320 Premium White (400g x 2) (800),"₹758 (₹94.75/100 g)
₹1,199",https://www.amazon.in/gp/slredirect/picassoRedirect.html/ref=pa_sp_atf_next_aps_sr_pg3_1?ie=UTF8&adId=A03532491EX49XVILR8DM&url=%2FNutraj-Healthy-Bites-Premium-Cashew%2Fdp%2FB06ZYRLHXW%2Fref%3Dsr_1_97_sspa%3Fdchild%3D1%26keywords%3DCashew%26qid%3D1613335044%26sr%3D8-97-spons%26psc%3D1&qualifier=1613335057&id=1254199045063381&widgetName=sp_atf_next
"Amazon Brand - Solimo Premium Cashews, 500g","₹355 (₹88.75/100 g)
₹780",https://www.amazon.in/gp/slredirect/picassoRedirect.html/ref=pa_sp_atf_next_aps_sr_pg3_1?ie=UTF8&adId=A009978737UGVQDA0X3NP&url=%2FWONDERLAND-FOODS-DEVICE-Cashew-Premium%2Fdp%2FB08P71LG4Q%2Fref%3Dsr_1_98_sspa%3Fdchild%3D1%26keywords%3DCashew%26qid%3D1613335044%26sr%3D8-98-spons%26psc%3D1%26smid%3DA3Q58IX1F9MQOH&qualifier=1613335057&id=1254199045063381&widgetName=sp_atf_next
Cashew Nut W450 (400g) Benin Quality | Borma Dried | Snow White Directly From Processing Plant,"₹355 (₹177.50/100 g)
₹385",https://www.amazon.in/gp/slredirect/picassoRedirect.html/ref=pa_sp_atf_next_aps_sr_pg3_1?ie=UTF8&adId=A009978737UGVQDA0X3NP&url=%2FWONDERLAND-FOODS-DEVICE-Cashew-Premium%2Fdp%2FB08P71LG4Q%2Fref%3Dsr_1_98_sspa%3Fdchild%3D1%26keywords%3DCashew%26qid%3D1613335044%26sr%3D8-98-spons%26psc%3D1%26smid%3DA3Q58IX1F9MQOH&qualifier=1613335057&id=1254199045063381&widgetName=sp_atf_next
URBANS Cashew Nuts Premium Roasted & Salted Cashews in TIN – Grade W240 |Export Quality Cashew | Premium Grade Cashew Nuts - 200 Grams (TIN),"₹536 (₹536/count)
₹730",https://www.amazon.in/gp/slredirect/picassoRedirect.html/ref=pa_sp_atf_next_aps_sr_pg3_1?ie=UTF8&adId=A03628263AHGTJT47BZNG&url=%2FAmazon-Brand-Solimo-Premium-Cashews%2Fdp%2FB01LPY9UG4%2Fref%3Dsr_1_99_sspa%3Fdchild%3D1%26keywords%3DCashew%26qid%3D1613335044%26smid%3DAT95IG9ONZD7S%26sr%3D8-99-spons%26psc%3D1&qualifier=1613335057&id=1254199045063381&widgetName=sp_atf_next
"Miltop Big Size Cashew Nuts W240, 500g","₹639 (₹1.28/Gram)
₹999",https://www.amazon.in/gp/slredirect/picassoRedirect.html/ref=pa_sp_atf_next_aps_sr_pg3_1?ie=UTF8&adId=A03628263AHGTJT47BZNG&url=%2FAmazon-Brand-Solimo-Premium-Cashews%2Fdp%2FB01LPY9UG4%2Fref%3Dsr_1_99_sspa%3Fdchild%3D1%26keywords%3DCashew%26qid%3D1613335044%26smid%3DAT95IG9ONZD7S%26sr%3D8-99-spons%26psc%3D1&qualifier=1613335057&id=1254199045063381&widgetName=sp_atf_next
"Fresh Nut House Dry Roasted Unsalted Cashew Nut, 500 Grams","₹325 (₹162.50/100 g)
₹385",https://www.amazon.in/gp/slredirect/picassoRedirect.html/ref=pa_sp_atf_next_aps_sr_pg3_1?ie=UTF8&adId=A00044733NL81IQ6TSBWO&url=%2FCashew-Benin-Quality-Directly-Processing%2Fdp%2FB08RY13JSG%2Fref%3Dsr_1_100_sspa%3Fdchild%3D1%26keywords%3DCashew%26qid%3D1613335044%26sr%3D8-100-spons%26psc%3D1&qualifier=1613335057&id=1254199045063381&widgetName=sp_atf_next
Gourmia Roasted Cashews Lightly Salted 200g,"₹850 (₹85/100 g)
₹1,400",https://www.amazon.in/gp/slredirect/picassoRedirect.html/ref=pa_sp_atf_next_aps_sr_pg3_1?ie=UTF8&adId=A00044733NL81IQ6TSBWO&url=%2FCashew-Benin-Quality-Directly-Processing%2Fdp%2FB08RY13JSG%2Fref%3Dsr_1_100_sspa%3Fdchild%3D1%26keywords%3DCashew%26qid%3D1613335044%26sr%3D8-100-spons%26psc%3D1&qualifier=1613335057&id=1254199045063381&widgetName=sp_atf_next
Go Vegan Cashews Nuts Broken 4 Pieces Kaju Tukadi - 1KG,"₹349 (₹87.25/100 g)
₹699",https://www.amazon.in/URBANS-Cashews-W240-Roasted-Salted/dp/B07VMMQPP9/ref=sr_1_101?dchild=1&keywords=Cashew&qid=1613335044&sr=8-101
Rivazo 100% Natural Fresh Organic Whole Cashew Nuts Kaju 1 Kg,₹100 (₹100/count),https://www.amazon.in/URBANS-Cashews-W240-Roasted-Salted/dp/B07VMMQPP9/ref=sr_1_101?dchild=1&keywords=Cashew&qid=1613335044&sr=8-101
"InSeed Premium Vacuum Packed Cashews, 400gm","₹1,199 (₹1,199/count)
₹1,480",https://www.amazon.in/Miltop-Cashew-240-500g/dp/B00H8PX1ZQ/ref=sr_1_102?dchild=1&keywords=Cashew&qid=1613335044&sr=8-102
Nutty Gritties Southern Pepper Cashew Nuts - 48g ( Pack of 1 ),"₹525 (₹105/100 g)
₹800",https://www.amazon.in/Miltop-Cashew-240-500g/dp/B00H8PX1ZQ/ref=sr_1_102?dchild=1&keywords=Cashew&qid=1613335044&sr=8-102
FarmOwn W240 Large Size Cashews Whole Cashew Nut 1 Kg,"₹415 (₹83/100 g)
₹800",https://www.amazon.in/Fresh-Nut-House-Roasted-Unsalted/dp/B08BKK1L5W/ref=sr_1_103?dchild=1&keywords=Cashew&qid=1613335044&sr=8-103
"WONDERLAND FOODS (DEVICE) Plain Cashew Nuts , 500 g","₹390 (₹156/100 g)
₹450",https://www.amazon.in/Fresh-Nut-House-Roasted-Unsalted/dp/B08BKK1L5W/ref=sr_1_103?dchild=1&keywords=Cashew&qid=1613335044&sr=8-103
Rivazo 100% Natural Organic Unpeeled Cashew NW Cashews with Skin for Natural Taste in Pet Jar 500 Grams,"₹749 (₹74,900/100 g)
₹1,499",https://www.amazon.in/Gourmia-Roasted-Cashews-Lightly-Salted/dp/B016WLDJYO/ref=sr_1_104?dchild=1&keywords=Cashew&qid=1613335044&sr=8-104
"Bankatji Oven Roasted Cashew Nuts - Butter Chilly Masala, 250 Grams","₹255 (₹127.50/100 g)
₹749",https://www.amazon.in/Gourmia-Roasted-Cashews-Lightly-Salted/dp/B016WLDJYO/ref=sr_1_104?dchild=1&keywords=Cashew&qid=1613335044&sr=8-104
"Fruitri split cashew, 2pcs kaju, 1kg","₹845 (₹422.50/100 g)
₹1,000",https://www.amazon.in/Go-Vegan-Cashews-Broken-Pieces/dp/B08H2BCHDB/ref=sr_1_105?dchild=1&keywords=Cashew&qid=1613335044&sr=8-105
HYPERFOODS RawFruit by Whole Cashew Popular & Premium Plain Raw Cashewnut aju Dry Fruit 250 Grams PET Jar Mangalore W320,"₹454
₹575",https://www.amazon.in/Go-Vegan-Cashews-Broken-Pieces/dp/B08H2BCHDB/ref=sr_1_105?dchild=1&keywords=Cashew&qid=1613335044&sr=8-105
"SFT Cashews Kernels Nut Chatpata & Roasted, Dark Brown, [Big Size, Kaju Masala] Pure Mangalore (Grade- 210 No.)�400 Gm","₹869 (₹86,900/100 g)
₹1,099",https://www.amazon.in/Rivazo-Natural-Fresh-Organic-Cashew/dp/B082M65GSR/ref=sr_1_106?dchild=1&keywords=Cashew&qid=1613335044&sr=8-106
"SFT Cashew Kernels Nuts Gold , Pure mangalore (Kaju Sabut , Whole Cashews) [Grade - W 320 No.] 200 Gm","₹729 (₹607.50/100 g)
₹1,099",https://www.amazon.in/Rivazo-Natural-Fresh-Organic-Cashew/dp/B082M65GSR/ref=sr_1_106?dchild=1&keywords=Cashew&qid=1613335044&sr=8-106
Tulsi Whole Cashews Premium Combo 800g (200g x 4),"₹385 (₹77/100 g)
₹500",https://www.amazon.in/InSeed-Premium-Vacuum-Packed-Cashews/dp/B08L8C27B3/ref=sr_1_97?dchild=1&keywords=Cashew&qid=1613335044&sr=8-97
Amazon Brand - Solimo Dry Fruits Combo Pack - Raisins & Cashew 250 gms each,₹250 (₹142.86/100 g),https://www.amazon.in/InSeed-Premium-Vacuum-Packed-Cashews/dp/B08L8C27B3/ref=sr_1_97?dchild=1&keywords=Cashew&qid=1613335044&sr=8-97
RK's Mom's Touch 100% Natural Premium Scale Cashews / Kaju Nuts W420 [1000gms] [1kg],"₹630 (₹78.75/100 g)
₹1,528",https://www.amazon.in/Nutty-Gritties-Southern-Pepper-Cashew/dp/B08VGPR1QW/ref=sr_1_98?dchild=1&keywords=Cashew&qid=1613335044&sr=8-98
Pure Food-Cashews Nuts Broken 4 Pieces - Kaju Tukadi 1000gm,₹430 (₹86/100 g),https://www.amazon.in/Nutty-Gritties-Southern-Pepper-Cashew/dp/B08VGPR1QW/ref=sr_1_98?dchild=1&keywords=Cashew&qid=1613335044&sr=8-98
HAJARA Enterprises Cashew Wholes 500 g,"₹1,173 (₹117.30/100 g)
₹1,675",https://www.amazon.in/FarmOwn-Large-Cashews-Whole-Cashew/dp/B08KSD6D74/ref=sr_1_99?dchild=1&keywords=Cashew&qid=1613335044&sr=8-99
Haldiram's Nagpur Salted Kaju 175 gms (35 gm x Pack of 5),"₹787
₹1,140",https://www.amazon.in/FarmOwn-Large-Cashews-Whole-Cashew/dp/B08KSD6D74/ref=sr_1_99?dchild=1&keywords=Cashew&qid=1613335044&sr=8-99
Cashew Nut W450 (800g) Benin Quality | Borma Dried | Snow White Directly From Processing Plant,₹700 (₹140/100 g),https://www.amazon.in/WONDERLAND-FOODS-DEVICE-Plain-Cashew/dp/B07H8BRXHP/ref=sr_1_100?dchild=1&keywords=Cashew&qid=1613335044&sr=8-100
Sananda Cashew Nuts -Kaju ( 2x500Gms) W320,"₹900 (₹90/100 g)
₹1,400",https://www.amazon.in/WONDERLAND-FOODS-DEVICE-Plain-Cashew/dp/B07H8BRXHP/ref=sr_1_100?dchild=1&keywords=Cashew&qid=1613335044&sr=8-100
Tulsi Split Cashews (2 Piece) 500g,"₹208 (₹208/100 g)
₹249",https://www.amazon.in/Rivazo-Natural-Organic-Unpeeled-Cashews/dp/B08BZQLZLS/ref=sr_1_101?dchild=1&keywords=Cashew&qid=1613335044&sr=8-101
"Happilo Premium 100% Natural Whole Cashews, 200g (Pack of 5)","₹270 (₹54.11/100 g)
₹550",https://www.amazon.in/Rivazo-Natural-Organic-Unpeeled-Cashews/dp/B08BZQLZLS/ref=sr_1_101?dchild=1&keywords=Cashew&qid=1613335044&sr=8-101
"Amazon Brand - Solimo Premium Almonds, 500g + Amazon Brand - Solimo Premium Cashews, 250g","₹499 (₹99.80/100 g)
₹999",https://www.amazon.in/Bankatji-Oven-Roasted-Cashew-Jumbo/dp/B079X58P5S/ref=sr_1_102?dchild=1&keywords=Cashew&qid=1613335044&sr=8-102
"Sattvic Foods Truly Goan Cashewnuts (Double Drum Roasted with Skin, 500g - Quality 210 (Extra Large)) Goa Cashews, Great for Snack","₹390 (₹156/100 g)
₹450",https://www.amazon.in/Bankatji-Oven-Roasted-Cashew-Jumbo/dp/B079X58P5S/ref=sr_1_102?dchild=1&keywords=Cashew&qid=1613335044&sr=8-102
Rivazo Owen Roasted and Salted Crispy Whole Cashew Nuts Kaju 1 Kg,"₹1,309 (₹130.90/100 g)
₹1,800",https://www.amazon.in/Fruitri-split-cashew-2pcs-kaju/dp/B08P9JDPND/ref=sr_1_103?dchild=1&keywords=Cashew&qid=1613335044&sr=8-103
"Eighty7 Raisins and Cashews Combo(250 gms each), 500g","₹390 (₹156/100 g)
₹450",https://www.amazon.in/Fruitri-split-cashew-2pcs-kaju/dp/B08P9JDPND/ref=sr_1_103?dchild=1&keywords=Cashew&qid=1613335044&sr=8-103
Ariga Foods Cashew Nuts Cheese & Herbs Flavoured Healthy & Nutritious Supersnack 100Gm Pack of 1,"₹275 (₹110/100 g)
₹405",https://www.amazon.in/HYPERFOODS-RawFruit-Popular-Cashewnut-Mangalore/dp/B08JCTQTDG/ref=sr_1_104?dchild=1&keywords=Cashew&qid=1613335044&sr=8-104
Stylo Cashews Nuts Broken 2 Pieces - 250g | Kaju Tukadi (Kaju 2 Tukda / Kaju Fada),"₹400 (₹80/100 g)
₹1,496",https://www.amazon.in/HYPERFOODS-RawFruit-Popular-Cashewnut-Mangalore/dp/B08JCTQTDG/ref=sr_1_104?dchild=1&keywords=Cashew&qid=1613335044&sr=8-104
nutndiet Fresh Crunchy Cashews 8-Pieces (500g),"₹1,099 (₹109.90/100 g)
₹1,500",https://www.amazon.in/SFT-Cashews-Kernels-Chatpata-Mangalore/dp/B086ZVYS9T/ref=sr_1_105?dchild=1&keywords=Cashew&qid=1613335044&sr=8-105
Kalbavi Cashews Assorted 5 in 1Flavoured Cashew (250 g),"₹356
25 (₹178.13/100 g)
₹375",https://www.amazon.in/SFT-Cashews-Kernels-Chatpata-Mangalore/dp/B086ZVYS9T/ref=sr_1_105?dchild=1&keywords=Cashew&qid=1613335044&sr=8-105
"SELTOS Natural Premium Large Size Whole Cashews W240, Kaju ,Cashew Nuts , Dry Fruits (500g in Reusable Strong Jar)","₹480 (₹96/100 g)
₹750",https://www.amazon.in/SFT-Cashew-Kernels-mangalore-Cashews/dp/B0896X1R5G/ref=sr_1_106?dchild=1&keywords=Cashew&qid=1613335044&sr=8-106
PESHWAI Premium Goa Cashew/ Kaju 500g,"₹390 (₹156/100 g)
₹500",https://www.amazon.in/SFT-Cashew-Kernels-mangalore-Cashews/dp/B0896X1R5G/ref=sr_1_106?dchild=1&keywords=Cashew&qid=1613335044&sr=8-106
"Bankatji Roasted Cashews Oven Roasted - Chinese - Chilly Garlic Masala, 250 Grams","₹416 (₹166.40/100 g)
₹499",https://www.amazon.in/gp/slredirect/picassoRedirect.html/ref=pa_sp_mtf_aps_sr_pg3_1?ie=UTF8&adId=A02923902OTU98UXDR6J1&url=%2FTulsi-Premium-Cashews-W-320-Combo%2Fdp%2FB07JP7ZTNP%2Fref%3Dsr_1_107_sspa%3Fdchild%3D1%26keywords%3DCashew%26qid%3D1613335044%26sr%3D8-107-spons%26psc%3D1&qualifier=1613335057&id=1254199045063381&widgetName=sp_mtf
BOLA Jumbo Sized Cashew W180 1Kg (2x500g),"₹344 (₹172/100 g)
₹419",https://www.amazon.in/gp/slredirect/picassoRedirect.html/ref=pa_sp_mtf_aps_sr_pg3_1?ie=UTF8&adId=A02923902OTU98UXDR6J1&url=%2FTulsi-Premium-Cashews-W-320-Combo%2Fdp%2FB07JP7ZTNP%2Fref%3Dsr_1_107_sspa%3Fdchild%3D1%26keywords%3DCashew%26qid%3D1613335044%26sr%3D8-107-spons%26psc%3D1&qualifier=1613335057&id=1254199045063381&widgetName=sp_mtf
"Bankatji Cashews Oven Roasted - Butter Masala, 250 Grams","₹449 (₹89.80/100 g)
₹799",https://www.amazon.in/gp/slredirect/picassoRedirect.html/ref=pa_sp_mtf_aps_sr_pg3_1?ie=UTF8&adId=A04822971S8NGFDJJV92O&url=%2FAmazon-Brand-Solimo-Fruits-Raisins%2Fdp%2FB07JKL5K68%2Fref%3Dsr_1_108_sspa%3Fdchild%3D1%26keywords%3DCashew%26qid%3D1613335044%26sr%3D8-108-spons%26psc%3D1&qualifier=1613335057&id=1254199045063381&widgetName=sp_mtf
MFi Brand Madras Premium Cashew | Whole Big Raw Unroasted Export Quality Grade W | kaju (800g),"₹1,055 (₹1,055/count)
₹1,450",https://www.amazon.in/gp/slredirect/picassoRedirect.html/ref=pa_sp_mtf_aps_sr_pg3_1?ie=UTF8&adId=A04822971S8NGFDJJV92O&url=%2FAmazon-Brand-Solimo-Fruits-Raisins%2Fdp%2FB07JKL5K68%2Fref%3Dsr_1_108_sspa%3Fdchild%3D1%26keywords%3DCashew%26qid%3D1613335044%26sr%3D8-108-spons%26psc%3D1&qualifier=1613335057&id=1254199045063381&widgetName=sp_mtf
"Bola-Premium Quality Cashew Nuts NW (Natural Wholes with Skin-Chilkwale Kaju), 250 Grams","₹571 (₹114.20/100 g)
₹990",https://www.amazon.in/gp/slredirect/picassoRedirect.html/ref=pa_sp_mtf_aps_sr_pg3_1?ie=UTF8&adId=A0829135219360VT9XTSW&url=%2FTouch-Natural-Premium-Cashews-1000gms%2Fdp%2FB08H8F9V86%2Fref%3Dsr_1_109_sspa%3Fdchild%3D1%26keywords%3DCashew%26qid%3D1613335044%26sr%3D8-109-spons%26psc%3D1&qualifier=1613335057&id=1254199045063381&widgetName=sp_mtf
"Ancy Foods 100% Natural Cashews Kernels 2 Piece Split Nut, Big Size, (Kaju 2 Tukda) Dry Fruit,500gm","₹800 (₹160/100 g)
₹1,600",https://www.amazon.in/gp/slredirect/picassoRedirect.html/ref=pa_sp_mtf_aps_sr_pg3_1?ie=UTF8&adId=A0829135219360VT9XTSW&url=%2FTouch-Natural-Premium-Cashews-1000gms%2Fdp%2FB08H8F9V86%2Fref%3Dsr_1_109_sspa%3Fdchild%3D1%26keywords%3DCashew%26qid%3D1613335044%26sr%3D8-109-spons%26psc%3D1&qualifier=1613335057&id=1254199045063381&widgetName=sp_mtf
"Fruitri Propular Cashew Broken, Kaju (1)","₹689 (₹68,900/100 g)
₹1,499",https://www.amazon.in/gp/slredirect/picassoRedirect.html/ref=pa_sp_atf_next_aps_sr_pg4_1?ie=UTF8&adId=A0387875YFXW2L23IIFP&url=%2FFruitri-Propular-Cashew-Broken-Kaju%2Fdp%2FB08P9T5WN1%2Fref%3Dsr_1_145_sspa%3Fdchild%3D1%26keywords%3DCashew%26qid%3D1613335057%26sr%3D8-145-spons%26psc%3D1&qualifier=1613335070&id=3032098464439761&widgetName=sp_atf_next
Wonderland Foods (Device) Plain Raw Cashews -1 Kg,"₹1,122 (₹112.20/100 g)
₹1,600",https://www.amazon.in/gp/slredirect/picassoRedirect.html/ref=pa_sp_atf_next_aps_sr_pg4_1?ie=UTF8&adId=A0387875YFXW2L23IIFP&url=%2FFruitri-Propular-Cashew-Broken-Kaju%2Fdp%2FB08P9T5WN1%2Fref%3Dsr_1_145_sspa%3Fdchild%3D1%26keywords%3DCashew%26qid%3D1613335057%26sr%3D8-145-spons%26psc%3D1&qualifier=1613335070&id=3032098464439761&widgetName=sp_atf_next
nutndiet Fresh Crunchy Cashews Premium (100g),"₹139 (₹139/100 g)
₹210",https://www.amazon.in/gp/slredirect/picassoRedirect.html/ref=pa_sp_atf_next_aps_sr_pg4_1?ie=UTF8&adId=A0562499206U1ELZ6YKW6&url=%2FWONDERLAND-FOODS-Plain-Raw-Cashews%2Fdp%2FB07PB2G6WK%2Fref%3Dsr_1_146_sspa%3Fdchild%3D1%26keywords%3DCashew%26qid%3D1613335057%26sr%3D8-146-spons%26psc%3D1%26smid%3DA3Q58IX1F9MQOH&qualifier=1613335070&id=3032098464439761&widgetName=sp_atf_next
Evergreen Farms Fresh Cashews Kaju Natural 2 Piece Split in Pet Jar 1 Kg,"₹385 (₹96.25/100 g)
₹610",https://www.amazon.in/gp/slredirect/picassoRedirect.html/ref=pa_sp_atf_next_aps_sr_pg4_1?ie=UTF8&adId=A0562499206U1ELZ6YKW6&url=%2FWONDERLAND-FOODS-Plain-Raw-Cashews%2Fdp%2FB07PB2G6WK%2Fref%3Dsr_1_146_sspa%3Fdchild%3D1%26keywords%3DCashew%26qid%3D1613335057%26sr%3D8-146-spons%26psc%3D1%26smid%3DA3Q58IX1F9MQOH&qualifier=1613335070&id=3032098464439761&widgetName=sp_atf_next
"Happilo 100% Natural Premium Whole Cashews, 200g and Happilo 100% Natural Premium Californian Almonds, 200g","₹365 (₹182.50/100 g)
₹375",https://www.amazon.in/gp/slredirect/picassoRedirect.html/ref=pa_sp_atf_next_aps_sr_pg4_1?ie=UTF8&adId=A0927218E4768VXEAA9Q&url=%2Fnutndiet-Fresh-Crunchy-Cashews-Premium%2Fdp%2FB08LS98CJ3%2Fref%3Dsr_1_147_sspa%3Fdchild%3D1%26keywords%3DCashew%26qid%3D1613335057%26sr%3D8-147-spons%26psc%3D1&qualifier=1613335070&id=3032098464439761&widgetName=sp_atf_next
"Cornitos Roasted Cashew, Crack Pepper, 200g","₹475 (₹95/100 g)
₹700",https://www.amazon.in/gp/slredirect/picassoRedirect.html/ref=pa_sp_atf_next_aps_sr_pg4_1?ie=UTF8&adId=A0927218E4768VXEAA9Q&url=%2Fnutndiet-Fresh-Crunchy-Cashews-Premium%2Fdp%2FB08LS98CJ3%2Fref%3Dsr_1_147_sspa%3Fdchild%3D1%26keywords%3DCashew%26qid%3D1613335057%26sr%3D8-147-spons%26psc%3D1&qualifier=1613335070&id=3032098464439761&widgetName=sp_atf_next
"WONDERLAND FOODS (DEVICE) Plain Raw Cashews Nuts - 500 Grams, w400, 400 Pieces in a Pound","₹375 (₹125/100 g)
₹875",https://www.amazon.in/gp/slredirect/picassoRedirect.html/ref=pa_sp_atf_next_aps_sr_pg4_1?ie=UTF8&adId=A01844991HN1TBL87X7M7&url=%2FEvergreen-Farms-Fresh-Cashews-Natural%2Fdp%2FB08B414K97%2Fref%3Dsr_1_148_sspa%3Fdchild%3D1%26keywords%3DCashew%26qid%3D1613335057%26sr%3D8-148-spons%26psc%3D1&qualifier=1613335070&id=3032098464439761&widgetName=sp_atf_next
YUM YUM Roasted Masala Cashews Nut 300g,"₹899 (₹899/count)
₹1,399",https://www.amazon.in/gp/slredirect/picassoRedirect.html/ref=pa_sp_atf_next_aps_sr_pg4_1?ie=UTF8&adId=A01844991HN1TBL87X7M7&url=%2FEvergreen-Farms-Fresh-Cashews-Natural%2Fdp%2FB08B414K97%2Fref%3Dsr_1_148_sspa%3Fdchild%3D1%26keywords%3DCashew%26qid%3D1613335057%26sr%3D8-148-spons%26psc%3D1&qualifier=1613335070&id=3032098464439761&widgetName=sp_atf_next
FarmOwn W180 Jumbo Size Cashews Whole Cashew Nut 500 Grams,"₹660 (₹66,000/100 g)
₹899",https://www.amazon.in/Happilo%C3%82-100-Natural-Premium-Cashews-Californian/dp/B07P485VWW/ref=sr_1_149?dchild=1&keywords=Cashew&qid=1613335057&sr=8-149
"BOLA Broken Cashew Nuts, LWP (Large Broken Pieces-4 tukdi Kaju),1 KG- 4 X 250g","₹725 (₹725/count)
₹900",https://www.amazon.in/Happilo%C3%82-100-Natural-Premium-Cashews-Californian/dp/B07P485VWW/ref=sr_1_149?dchild=1&keywords=Cashew&qid=1613335057&sr=8-149
"RK's Mom's Touch 100% Broken 4-Piece Cashew Nuts Spit Cashews (Kaju 4 Tukda), 1kg (1000g)","₹416 (₹166.40/100 g)
₹499",https://www.amazon.in/Cornitos-Roasted-Cashew-Crack-Pepper/dp/B01LYW07F7/ref=sr_1_150_mod_primary_new?dchild=1&keywords=Cashew&qid=1613335057&sbo=RZvfv%2F%2FHxDF%2BO5021pAnSA%3D%3D&sr=8-150
"Urban Platter Bold Cashew Nuts (Grade: W240), 450g","₹225 (₹125/100 g)
₹575",https://www.amazon.in/Cornitos-Roasted-Cashew-Crack-Pepper/dp/B01LYW07F7/ref=sr_1_150_mod_primary_new?dchild=1&keywords=Cashew&qid=1613335057&sbo=RZvfv%2F%2FHxDF%2BO5021pAnSA%3D%3D&sr=8-150
Ariga Foods Cashew Nuts Himalayan Pink Salted Flavoured Premium Healthy & Nutritious Supersnack 250Gm Pack of 1,"₹599 (₹119.80/100 g)
₹1,099",https://www.amazon.in/WONDERLAND-FOODS-DEVICE-Plain-Cashews/dp/B08BHK15VC/ref=sr_1_151?dchild=1&keywords=Cashew&qid=1613335057&sr=8-151
"CDC CASHEWS- Premium Virgin Cashew Nuts 240 Grade, 500 Grams","₹564 (₹56,400/100 g)
₹999",https://www.amazon.in/WONDERLAND-FOODS-DEVICE-Plain-Cashews/dp/B08BHK15VC/ref=sr_1_151?dchild=1&keywords=Cashew&qid=1613335057&sr=8-151
YUM YUM Roasted Masala Cashews Nut 180g,"₹200 (₹80/100 g)
₹688",https://www.amazon.in/YUM-Roasted-Masala-Cashews-300g/dp/B08W9TW8RY/ref=sr_1_152?dchild=1&keywords=Cashew&qid=1613335057&sr=8-152
Dry Fruits Whole Cashews Nuts (kaju)500g - Healthy Dryfruit Nuts,"₹440 (₹176/100 g)
₹500",https://www.amazon.in/YUM-Roasted-Masala-Cashews-300g/dp/B08W9TW8RY/ref=sr_1_152?dchild=1&keywords=Cashew&qid=1613335057&sr=8-152
"RK's Mom's Touch Dry Roasted Unsalted Cashew Nut, 500 Grams","₹869 (₹86,900/100 g)
₹1,199",https://www.amazon.in/FarmOwn-Jumbo-Cashews-Whole-Cashew/dp/B08KSFJQD6/ref=sr_1_153?dchild=1&keywords=Cashew&qid=1613335057&sr=8-153
"Ancy Foods 100% Natural Cashews Kernels Piece Split Nut, Big Size (Kaju 2 Tukda) Dry Fruit, 250gm","₹699 (₹69.90/100 g)
₹999",https://www.amazon.in/FarmOwn-Jumbo-Cashews-Whole-Cashew/dp/B08KSFJQD6/ref=sr_1_153?dchild=1&keywords=Cashew&qid=1613335057&sr=8-153
"Chota Mota Premium Whole Cashew Nuts W320, 250g Resealable Pack",₹845 (₹169/100 g),https://www.amazon.in/BOLA-Broken-Cashew-Large-Pieces-4/dp/B0891RRVCK/ref=sr_1_154?dchild=1&keywords=Cashew&qid=1613335057&sr=8-154
"Dry Fruit Hub Cashew Nuts 250g, Kaju, Salted Cashew Nuts Oil Free, Salted And Roasted Kaju, Roasted Cashews - Salted","₹791 (₹131.83/100 g)
₹1,347",https://www.amazon.in/BOLA-Broken-Cashew-Large-Pieces-4/dp/B0891RRVCK/ref=sr_1_154?dchild=1&keywords=Cashew&qid=1613335057&sr=8-154
RK's Mom's Touch 100% Natural Premium Whole Scale Cashews / Kaju Nuts W420 [1000gms] [1kg],"₹899 (₹99.89/100 g)
₹1,999",https://www.amazon.in/Touch-Broken-4-Piece-Cashew-Cashews/dp/B08R9STV4P/ref=sr_1_145?dchild=1&keywords=Cashew&qid=1613335057&sr=8-145
Organic Box Cashews Nuts Broken 4 Pieces - 1 kg | Kaju Tukadi,"₹429 (₹107.25/100 g)
₹595",https://www.amazon.in/Touch-Broken-4-Piece-Cashew-Cashews/dp/B08R9STV4P/ref=sr_1_145?dchild=1&keywords=Cashew&qid=1613335057&sr=8-145
The Nut Makers Plain & Simple Cashews-500gms,"₹729 (₹607.50/100 g)
₹1,099",https://www.amazon.in/Urban-Platter-Bold-Cashew-Grade/dp/B01ALT4KK0/ref=sr_1_146?dchild=1&keywords=Cashew&qid=1613335057&sr=8-146
Nutraj Signature Cashew Nuts Plain W240 - 3 x 200 gms,"₹380 (₹43.08/Oz)
₹450",https://www.amazon.in/Urban-Platter-Bold-Cashew-Grade/dp/B01ALT4KK0/ref=sr_1_146?dchild=1&keywords=Cashew&qid=1613335057&sr=8-146
Majestix Premium W240 Cashews (500g) | Big Size Kaju | Handpicked Quality Cashew Nuts,"₹99 (₹99/100 g)
₹199",https://www.amazon.in/Ariga-Foods-Himalayan-Nutritious-Supersnack/dp/B08RZ6G9M5/ref=sr_1_147?dchild=1&keywords=Cashew&qid=1613335057&sr=8-147
"Vedaka Popular Whole Almonds, 500g + Amazon Brand - Vedaka Popular Whole Cashews, 200g","₹380 (₹152/100 g)
₹420",https://www.amazon.in/Ariga-Foods-Himalayan-Nutritious-Supersnack/dp/B08RZ6G9M5/ref=sr_1_147?dchild=1&keywords=Cashew&qid=1613335057&sr=8-147
"Organic Box Cashew Nuts / Kaju Whole Kernels Plain [Average Grade, Commercial Quality] for Caterers, Restaurants, Sweet Makers - Crispy, Crunchy, Off-White (900 Gram)","₹349 (₹34,900/100 g)
₹499",https://www.amazon.in/CDC-CASHEWS-Premium-Virgin-Cashew/dp/B088XFQVL3/ref=sr_1_148?dchild=1&keywords=Cashew&qid=1613335057&sr=8-148
Forest Fresh 100% Natural - Classic Whole Cashews (Kaju) - 400gm - Everyday Essential Superfood - Dry Fruits & Nuts - Rich in Protein & Iron - Preservative Free,"₹257 (₹122.38/100 g)
₹429",https://www.amazon.in/CDC-CASHEWS-Premium-Virgin-Cashew/dp/B088XFQVL3/ref=sr_1_148?dchild=1&keywords=Cashew&qid=1613335057&sr=8-148
Pure Food-Cashews Nuts Broken 4 Pieces - Kaju Tukadi 1000gm,"₹529 (₹105.80/100 g)
₹799",https://www.amazon.in/YUM-Roasted-Masala-Cashews-180g/dp/B08W8SZMBN/ref=sr_1_149?dchild=1&keywords=Cashew&qid=1613335057&sr=8-149
"Bola- Premium Quality Cashew Nuts W180, 250 Grams (Jumbo Sized Cashew Nuts)","₹799 (₹79.90/100 g)
₹1,500",https://www.amazon.in/YUM-Roasted-Masala-Cashews-180g/dp/B08W8SZMBN/ref=sr_1_149?dchild=1&keywords=Cashew&qid=1613335057&sr=8-149
Original Goan Dry Salted Cashew (250g),"₹475 (₹475/count)
₹525",https://www.amazon.in/Fruits-Whole-Cashews-Nuts-kaju/dp/B08WCPQK6F/ref=sr_1_150?dchild=1&keywords=Cashew&qid=1613335057&sr=8-150
"Anandi -Cashew 100gms , Anandi Kaju 100gms, Dry Fruit , Meva , Cashew Nuts",₹325 (₹325/count),https://www.amazon.in/Fruits-Whole-Cashews-Nuts-kaju/dp/B08WCPQK6F/ref=sr_1_150?dchild=1&keywords=Cashew&qid=1613335057&sr=8-150
"Chota Mota Premium Whole Cashew Nuts W240, 250g Resealable Pack","₹603 (₹603/count)
₹669",https://www.amazon.in/Touch-Roasted-Unsalted-Cashew-Grams/dp/B08GM9DG6W/ref=sr_1_151?dchild=1&keywords=Cashew&qid=1613335057&sr=8-151
RK's Mom's Touch Premium Broken 4-Piece Cashew Nuts Spit Cashews 500g,"₹849 (₹84.90/100 g)
₹1,249",https://www.amazon.in/Touch-Roasted-Unsalted-Cashew-Grams/dp/B08GM9DG6W/ref=sr_1_151?dchild=1&keywords=Cashew&qid=1613335057&sr=8-151
Mustin Black Pepper Cashews (210g),₹600,https://www.amazon.in/Ancy-Foods-Natural-Cashews-Kernels/dp/B07CN4HF7H/ref=sr_1_152?dchild=1&keywords=Cashew&qid=1613335057&sr=8-152
SVT Premium Cashew Nut W210 Kaju Dry Fruits - 500gm,₹375 (₹187.50/100 g),https://www.amazon.in/Ancy-Foods-Natural-Cashews-Kernels/dp/B07CN4HF7H/ref=sr_1_152?dchild=1&keywords=Cashew&qid=1613335057&sr=8-152
Ariga Foods Cashew Nuts Cheese & Herbs Flavoured Healthy & Nutritious Supersnack 250Gm Pack of 1,"₹625 (₹125/100 g)
₹950",https://www.amazon.in/Chota-Mota-Premium-Cashew-Resealable/dp/B08LL9WW6Z/ref=sr_1_153?dchild=1&keywords=Cashew&qid=1613335057&sr=8-153
"Being Marwari Broken 4-Piece Cashew Nuts Spit Cashews (Kaju 4 Tukda), 1kg","₹449 (₹449/count)
₹499",https://www.amazon.in/Chota-Mota-Premium-Cashew-Resealable/dp/B08LL9WW6Z/ref=sr_1_153?dchild=1&keywords=Cashew&qid=1613335057&sr=8-153
"Fab box Delicious Premium Roasted Sweet Chocolate Coated Cashews | High Protein, Fiber, Iron Rich, 50 Gm","₹520 (₹29.48/Oz)
₹650",https://www.amazon.in/Fruit-Cashew-Salted-Roasted-Cashews/dp/B08RBMWJFM/ref=sr_1_154?dchild=1&keywords=Cashew&qid=1613335057&sr=8-154
"Lagom Gourmet Roasted & Salted Indian Cashew Nuts (Kaju), 250g","₹1,085 (₹108.50/100 g)
₹1,800",https://www.amazon.in/Fruit-Cashew-Salted-Roasted-Cashews/dp/B08RBMWJFM/ref=sr_1_154?dchild=1&keywords=Cashew&qid=1613335057&sr=8-154
Cashew Pudina Chilli 120g,"₹380 (₹380/count)
₹462",https://www.amazon.in/gp/slredirect/picassoRedirect.html/ref=pa_sp_mtf_aps_sr_pg4_1?ie=UTF8&adId=A08288551RU8KA0VLMDRA&url=%2FTouch-Natural-Premium-Cashews-1000gms%2Fdp%2FB08H85WPC4%2Fref%3Dsr_1_155_sspa%3Fdchild%3D1%26keywords%3DCashew%26qid%3D1613335057%26sr%3D8-155-spons%26psc%3D1&qualifier=1613335070&id=3032098464439761&widgetName=sp_mtf
PUREHEART Nutreat Salted Cashews 454 gm | 100% Vegetarian | No Added Colors | No Preservatives,₹399 (₹199.50/100 g),https://www.amazon.in/gp/slredirect/picassoRedirect.html/ref=pa_sp_mtf_aps_sr_pg4_1?ie=UTF8&adId=A08288551RU8KA0VLMDRA&url=%2FTouch-Natural-Premium-Cashews-1000gms%2Fdp%2FB08H85WPC4%2Fref%3Dsr_1_155_sspa%3Fdchild%3D1%26keywords%3DCashew%26qid%3D1613335057%26sr%3D8-155-spons%26psc%3D1&qualifier=1613335070&id=3032098464439761&widgetName=sp_mtf
"WONDERLAND FOODS (DEVICE) Premium Dry Fruits Combo Pack of (500g Cashew + 500g Raisin, 1Kg in Jar)","₹299 (₹119.60/100 g)
₹799",https://www.amazon.in/gp/slredirect/picassoRedirect.html/ref=pa_sp_mtf_aps_sr_pg4_1?ie=UTF8&adId=A0531101289SL4JRAI6Q1&url=%2FOrganic-Box-Cashews-Broken-Pieces%2Fdp%2FB08G8VWVSC%2Fref%3Dsr_1_156_sspa%3Fdchild%3D1%26keywords%3DCashew%26qid%3D1613335057%26sr%3D8-156-spons%26psc%3D1&qualifier=1613335070&id=3032098464439761&widgetName=sp_mtf
"Bazana Roasted Salted Cashews Snacks - 360gm, 24 x 15gm (Bundle of 24)","₹348 (₹139.20/100 g)
₹350",https://www.amazon.in/gp/slredirect/picassoRedirect.html/ref=pa_sp_mtf_aps_sr_pg4_1?ie=UTF8&adId=A0531101289SL4JRAI6Q1&url=%2FOrganic-Box-Cashews-Broken-Pieces%2Fdp%2FB08G8VWVSC%2Fref%3Dsr_1_156_sspa%3Fdchild%3D1%26keywords%3DCashew%26qid%3D1613335057%26sr%3D8-156-spons%26psc%3D1&qualifier=1613335070&id=3032098464439761&widgetName=sp_mtf
"Cornitos Roasted Cashew, Lightly Salted, 200g","₹791 (₹131.83/100 g)
₹1,347",https://www.amazon.in/gp/slredirect/picassoRedirect.html/ref=pa_sp_mtf_aps_sr_pg4_1?ie=UTF8&adId=A03175492R8HXT4RNI10V&url=%2FNut-Makers-Plain-Simple-Cashews-500gms%2Fdp%2FB07Z4TXNTH%2Fref%3Dsr_1_157_sspa%3Fdchild%3D1%26keywords%3DCashew%26qid%3D1613335057%26sr%3D8-157-spons%26psc%3D1&qualifier=1613335070&id=3032098464439761&widgetName=sp_mtf
"Small Talk Classic Salted Roasted Cashews, 220 GMS (110 GMS * 2 Packs)|Zero Cholesterol, High Protein & Gluten Free| High in Antioxidants and OMEGA3","₹389 (₹389/count)
₹618",https://www.amazon.in/gp/slredirect/picassoRedirect.html/ref=pa_sp_mtf_aps_sr_pg4_1?ie=UTF8&adId=A03175492R8HXT4RNI10V&url=%2FNut-Makers-Plain-Simple-Cashews-500gms%2Fdp%2FB07Z4TXNTH%2Fref%3Dsr_1_157_sspa%3Fdchild%3D1%26keywords%3DCashew%26qid%3D1613335057%26sr%3D8-157-spons%26psc%3D1&qualifier=1613335070&id=3032098464439761&widgetName=sp_mtf
YUM YUM Roasted Lightly Salted Cashew Nuts Kaju 500g (2X250g),"₹499 (₹124.75/100 g)
₹800",https://www.amazon.in/gp/slredirect/picassoRedirect.html/ref=pa_sp_mtf_aps_sr_pg4_1?ie=UTF8&adId=A0036398XB8ARPTJ3WJJ&url=%2FNutraj-Signature-Cashew-Nuts-Plain%2Fdp%2FB01ABTZUTK%2Fref%3Dsr_1_158_sspa%3Fdchild%3D1%26keywords%3DCashew%26qid%3D1613335057%26sr%3D8-158-spons%26psc%3D1&qualifier=1613335070&id=3032098464439761&widgetName=sp_mtf
PUREHEART Nutreat Fiery Hot Cashews 340 gm | 100% Vegetarian | No Added Colors | No Preservatives,"₹1,119 (₹111.90/100 g)
₹1,500",https://www.amazon.in/gp/slredirect/picassoRedirect.html/ref=pa_sp_mtf_aps_sr_pg4_1?ie=UTF8&adId=A0036398XB8ARPTJ3WJJ&url=%2FNutraj-Signature-Cashew-Nuts-Plain%2Fdp%2FB01ABTZUTK%2Fref%3Dsr_1_158_sspa%3Fdchild%3D1%26keywords%3DCashew%26qid%3D1613335057%26sr%3D8-158-spons%26psc%3D1&qualifier=1613335070&id=3032098464439761&widgetName=sp_mtf
"Avni Masala Cashew Nuts, 500 Grams",₹300 (₹375/100 g),https://www.amazon.in/Majestix-Premium-Cashews-Handpicked-Quality/dp/B08KF5ZY1V/ref=sr_1_159?dchild=1&keywords=Cashew&qid=1613335057&sr=8-159
Nature Purify Cashews Nuts Broken 4 Pieces - Kaju Tukadi 500gm,"₹439 (₹87.80/100 g)
₹600",https://www.amazon.in/gp/slredirect/picassoRedirect.html/ref=pa_sp_atf_next_aps_sr_pg5_1?ie=UTF8&adId=A00649073CE9BAA95I2I7&url=%2FNature-Purify-Cashews-Broken-Pieces%2Fdp%2FB08G8WTJPW%2Fref%3Dsr_1_193_sspa%3Fdchild%3D1%26keywords%3DCashew%26qid%3D1613335071%26sr%3D8-193-spons%26psc%3D1&qualifier=1613335083&id=5438553597059223&widgetName=sp_atf_next
"SoftArt 180 Grade Cashew Nut, W-180 Cashews (Kaju) (1000 gm) Vacuum Pack","₹1,269 (₹126.90/100 g)
₹3,050",https://www.amazon.in/gp/slredirect/picassoRedirect.html/ref=pa_sp_atf_next_aps_sr_pg5_1?ie=UTF8&adId=A00649073CE9BAA95I2I7&url=%2FNature-Purify-Cashews-Broken-Pieces%2Fdp%2FB08G8WTJPW%2Fref%3Dsr_1_193_sspa%3Fdchild%3D1%26keywords%3DCashew%26qid%3D1613335071%26sr%3D8-193-spons%26psc%3D1&qualifier=1613335083&id=5438553597059223&widgetName=sp_atf_next
"Happilo Premium Toasted and Salted Cashews, 200g","₹296 (₹148/100 g)
₹395",https://www.amazon.in/gp/slredirect/picassoRedirect.html/ref=pa_sp_atf_next_aps_sr_pg5_1?ie=UTF8&adId=A05854112IBDVK2VUJ124&url=%2FSoftArt-Grade-Cashew-Cashews-Vacuum%2Fdp%2FB083QPDKJY%2Fref%3Dsr_1_194_sspa%3Fdchild%3D1%26keywords%3DCashew%26qid%3D1613335071%26sr%3D8-194-spons%26psc%3D1&qualifier=1613335083&id=5438553597059223&widgetName=sp_atf_next
"SoftArt Royal 240 Grade Cashew Nut, W-240 Cashews (Kaju) (250 Grams) Vacuum Pack","₹454 (₹454/count)
₹1,012",https://www.amazon.in/gp/slredirect/picassoRedirect.html/ref=pa_sp_atf_next_aps_sr_pg5_1?ie=UTF8&adId=A05854112IBDVK2VUJ124&url=%2FSoftArt-Grade-Cashew-Cashews-Vacuum%2Fdp%2FB083QPDKJY%2Fref%3Dsr_1_194_sspa%3Fdchild%3D1%26keywords%3DCashew%26qid%3D1613335071%26sr%3D8-194-spons%26psc%3D1&qualifier=1613335083&id=5438553597059223&widgetName=sp_atf_next
"Nutri Organics Dry Fruit 100% Natural Premium Whole Cashew Nuts, Cashew, 1Kg","₹1,007 (₹100.70/100 g)",https://www.amazon.in/gp/slredirect/picassoRedirect.html/ref=pa_sp_atf_next_aps_sr_pg5_1?ie=UTF8&adId=A0697254IIUXAUWWBMME&url=%2FHappilo-Premium-Toasted-Salted-Cashews-200g%2Fdp%2FB01LX75MZS%2Fref%3Dsr_1_195_sspa%3Fdchild%3D1%26keywords%3DCashew%26qid%3D1613335071%26sr%3D8-195-spons%26psc%3D1&qualifier=1613335083&id=5438553597059223&widgetName=sp_atf_next
YUM YUM Pure & Natural Roasted & Salted Cashew (Kaju) – 250gm (Pack of 1),"₹639 (₹127.80/100 g)
₹825",https://www.amazon.in/gp/slredirect/picassoRedirect.html/ref=pa_sp_atf_next_aps_sr_pg5_1?ie=UTF8&adId=A0697254IIUXAUWWBMME&url=%2FHappilo-Premium-Toasted-Salted-Cashews-200g%2Fdp%2FB01LX75MZS%2Fref%3Dsr_1_195_sspa%3Fdchild%3D1%26keywords%3DCashew%26qid%3D1613335071%26sr%3D8-195-spons%26psc%3D1&qualifier=1613335083&id=5438553597059223&widgetName=sp_atf_next
TOUCHSTONE - our motto is TOUCHSTONE- Premium Whole Cashew Nuts W240 (500 g),"₹446 (₹178.40/100 g)
₹495",https://www.amazon.in/gp/slredirect/picassoRedirect.html/ref=pa_sp_atf_next_aps_sr_pg5_1?ie=UTF8&adId=A05827911D8YE2WWH37CO&url=%2FSoftArt-Royal-Cashew-Cashews-Vacuum%2Fdp%2FB084RRC5CW%2Fref%3Dsr_1_196_sspa%3Fdchild%3D1%26keywords%3DCashew%26qid%3D1613335071%26sr%3D8-196-spons%26psc%3D1&qualifier=1613335083&id=5438553597059223&widgetName=sp_atf_next
"Pro Nature 100% Organic Cashew Nuts, 250g","₹1,089 (₹108.90/100 g)
₹1,659",https://www.amazon.in/gp/slredirect/picassoRedirect.html/ref=pa_sp_atf_next_aps_sr_pg5_1?ie=UTF8&adId=A05827911D8YE2WWH37CO&url=%2FSoftArt-Royal-Cashew-Cashews-Vacuum%2Fdp%2FB084RRC5CW%2Fref%3Dsr_1_196_sspa%3Fdchild%3D1%26keywords%3DCashew%26qid%3D1613335071%26sr%3D8-196-spons%26psc%3D1&qualifier=1613335083&id=5438553597059223&widgetName=sp_atf_next
"More Dry Fruits - Cashew 320 Loose, 500g","₹208 (₹208/100 g)
₹249",https://www.amazon.in/Nutri-Organics-Natural-Premium-Cashew/dp/B08HHSJNW1/ref=sr_1_197?dchild=1&keywords=Cashew&qid=1613335071&sr=8-197
"Fresh Nut House Combo Pack - Premium Plain and Lightly Salted Roasted Cashew Nut, 1 Kilogram","₹299 (₹299/count)
₹399",https://www.amazon.in/Nutri-Organics-Natural-Premium-Cashew/dp/B08HHSJNW1/ref=sr_1_197?dchild=1&keywords=Cashew&qid=1613335071&sr=8-197
Ariga Foods Cashew Nuts Himalayan Pink Salted Flavoured Premium Healthy & Nutritious Supersnack 100Gm Pack of 1,"₹660 (₹1.35/count)
₹750",https://www.amazon.in/YUM-Natural-Roasted-Salted-Cashew/dp/B08J89X23C/ref=sr_1_198?dchild=1&keywords=Cashew&qid=1613335071&sr=8-198
Forbix Cashews Special Natural Raw Organic Cashew Nuts Kaju 250 gr,₹100,https://www.amazon.in/YUM-Natural-Roasted-Salted-Cashew/dp/B08J89X23C/ref=sr_1_198?dchild=1&keywords=Cashew&qid=1613335071&sr=8-198
Nuts Hub Premium Quality Fresh Jumbo Size Whole Big Cashew Nuts 250gm 500gm 750gm 1000gm 1kg Grams (500 Grams),"₹375 (₹150/100 g)
₹500",https://www.amazon.in/Touchstone-Premium-Whole-Cashew-Nuts/dp/B076QC3268/ref=sr_1_199?dchild=1&keywords=Cashew&qid=1613335071&sr=8-199
Jabsons Roasted Cashew Nut Black Pepper,"₹699 (₹139.80/100 g)
₹1,499",https://www.amazon.in/Touchstone-Premium-Whole-Cashew-Nuts/dp/B076QC3268/ref=sr_1_199?dchild=1&keywords=Cashew&qid=1613335071&sr=8-199
Carnival Cashew Nut 250g,"₹575 (₹143.75/100 g)
₹700",https://www.amazon.in/Pro-Nature-100-Organic-Cashew/dp/B07BZK53VK/ref=sr_1_200?dchild=1&fpw=pantry&keywords=Cashew&qid=1613335071&s=pantry&sr=8-200
RawFruit by HyperFoods Masala Roasted Cashews Spicy Flavor Kaju 500gm : (2 PET Jar X 250gm),"₹440
₹630",https://www.amazon.in/Pro-Nature-100-Organic-Cashew/dp/B07BZK53VK/ref=sr_1_200?dchild=1&fpw=pantry&keywords=Cashew&qid=1613335071&s=pantry&sr=8-200
"BOLA Jumbo Sized Cashew Nuts W180, 400g","₹699 (₹139.80/100 g)
₹999",https://www.amazon.in/More-Cashew-320-Loose-500gm/dp/B07VK5NWF7/ref=sr_1_201?dchild=1&keywords=Cashew&qid=1613335071&sr=8-201
"Wifes Magic Big Size Crunchy Cashews Kaju Combo (Pack of 2) (250gms Each), 500gm","₹399 (₹159.60/100 g)
₹799",https://www.amazon.in/Fresh-Nut-House-Combo-Pack/dp/B08KZJDJ81/ref=sr_1_202?dchild=1&keywords=Cashew&qid=1613335071&sr=8-202
RawFruit by HyperFoods Whole Cashew Popular & Premium Plain Raw Cashewnut Kaju Dry Fruit 500 Grams PET Jar Mangalore W240 (250 Grams Jar X 2 Units),"₹669 (₹66,900/100 g)
₹1,122",https://www.amazon.in/Fresh-Nut-House-Combo-Pack/dp/B08KZJDJ81/ref=sr_1_202?dchild=1&keywords=Cashew&qid=1613335071&sr=8-202
HYPERFOODS RawFruit Classic Roasted Masala Cashews Kaju 250gm PET Jar,₹430 (₹86/100 g),https://www.amazon.in/Ariga-Foods-Himalayan-Nutritious-Supersnack/dp/B08RZ7L9HR/ref=sr_1_193?dchild=1&keywords=Cashew&qid=1613335071&sr=8-193
RK's Mom's Touch 100% Natural Super JH (Jumbo Halves/ Splits-Broken 4 Pieces) Premium Scale Cashews / Kaju Nuts [1000gms][1kg],"₹670 (₹19/Oz)
₹999",https://www.amazon.in/Ariga-Foods-Himalayan-Nutritious-Supersnack/dp/B08RZ7L9HR/ref=sr_1_193?dchild=1&keywords=Cashew&qid=1613335071&sr=8-193
Tulsi Split Cashews (2 Piece) 500g,"₹536 (₹536/count)
₹730",https://www.amazon.in/Forbix-Cashews-Special-Natural-Organic/dp/B08V18B87S/ref=sr_1_194?dchild=1&keywords=Cashew&qid=1613335071&sr=8-194
"ZEONELY MART Cashews Nuts Broken 4-Piece Cashew Nuts Spit Cashews (Kaju 4 Tukda), 1kg","₹685 (₹69.19/100 g)
₹990",https://www.amazon.in/Forbix-Cashews-Special-Natural-Organic/dp/B08V18B87S/ref=sr_1_194?dchild=1&keywords=Cashew&qid=1613335071&sr=8-194
"Miltop Big Size Cashew Nuts W240, 500g","₹315 (₹52.50/Oz)
₹395",https://www.amazon.in/Nuts-Hub-Premium-Quality-Cashew/dp/B082MBC4L3/ref=sr_1_195?dchild=1&keywords=Cashew&qid=1613335071&sr=8-195
Rivazo Owen Roasted Brownish and Crispy Whole Cashew Nuts Kaju 500 Grams,"₹599 (₹119.80/100 g)
₹699",https://www.amazon.in/Nuts-Hub-Premium-Quality-Cashew/dp/B082MBC4L3/ref=sr_1_195?dchild=1&keywords=Cashew&qid=1613335071&sr=8-195
VLC Natural Unroasted Premium Super Jumbo Size Cashews W150 Grade 500gm,"₹590 (₹118/100 g)
₹950",https://www.amazon.in/Jabsons-Roasted-Cashew-Black-Pepper/dp/B07T7HXJWJ/ref=sr_1_196?dchild=1&keywords=Cashew&qid=1613335071&sr=8-196
"Bague 100% Natural Cashews Kernels 2 Piece Split Nut, Big Size, (Kaju 2 Tukda) Dry Fruit,1 kg","₹450 (₹90/100 g)
₹790",https://www.amazon.in/Jabsons-Roasted-Cashew-Black-Pepper/dp/B07T7HXJWJ/ref=sr_1_196?dchild=1&keywords=Cashew&qid=1613335071&sr=8-196
Rostaa Roasted & Salted Cashew 170gm,"₹300 (₹120/100 g)
₹450",https://www.amazon.in/Carnival-Cashew-Nut-250g/dp/B00SJ5F4J0/ref=sr_1_197?dchild=1&keywords=Cashew&qid=1613335071&sr=8-197
CazooTree Salt n Pepper Flavoured Cashew Nut,"₹279 (₹111.60/100 g)
₹320",https://www.amazon.in/Carnival-Cashew-Nut-250g/dp/B00SJ5F4J0/ref=sr_1_197?dchild=1&keywords=Cashew&qid=1613335071&sr=8-197
Dryo Premium Quality 100% Natural Fresh Raw Whole Cashew Nuts 500gm Grams,"₹572 (₹143/100 g)
₹700",https://www.amazon.in/RawFruit-HyperFoods-Masala-Roasted-Cashews/dp/B08KJSRR3M/ref=sr_1_198?dchild=1&keywords=Cashew&qid=1613335071&sr=8-198
YUM YUM Premium W240 Cashews Nut Kaju 500g,"₹240 (₹96/100 g)
₹400",https://www.amazon.in/RawFruit-HyperFoods-Masala-Roasted-Cashews/dp/B08KJSRR3M/ref=sr_1_198?dchild=1&keywords=Cashew&qid=1613335071&sr=8-198
"Bague 100% Natural Cashews Kernels 2 Piece Split Nut, Big Size, (Kaju 2 Tukda) Dry Fruit,500gm","₹429 (₹214.50/100 g)
₹699",https://www.amazon.in/BOLA-Jumbo-Sized-Cashew-Nuts/dp/B08TMJ4TBB/ref=sr_1_199?dchild=1&keywords=Cashew&qid=1613335071&sr=8-199
"Raw Whole Premium Cashews W240, 250 gm, 100% Natural & VEG, No Chemicals, Non-GMO, Diet Friendly","₹235 (₹235/count)
₹320",https://www.amazon.in/BOLA-Jumbo-Sized-Cashew-Nuts/dp/B08TMJ4TBB/ref=sr_1_199?dchild=1&keywords=Cashew&qid=1613335071&sr=8-199
"Farmley Premium Cashew W320 250g ( Mangalore origin, Crunchy Cashews )","₹170 (₹170/100 g)
₹350",https://www.amazon.in/Wifes-Magic-Crunchy-Cashews-500gms/dp/B085WSP6SJ/ref=sr_1_200?dchild=1&keywords=Cashew&qid=1613335071&sr=8-200
"Original Goan Natural Cashew Nuts (400g, Jumbo Size)","₹229 (₹229/count)
₹340",https://www.amazon.in/Wifes-Magic-Crunchy-Cashews-500gms/dp/B085WSP6SJ/ref=sr_1_200?dchild=1&keywords=Cashew&qid=1613335071&sr=8-200
GreenFinity® Cashews Nuts Broken 2 - 3 Pieces - 500g | Kaju Tukadi | Vacuumed Pack.,"₹889 (₹88.90/100 g)
₹1,690",https://www.amazon.in/RawFruit-HyperFoods-Popular-Cashewnut-Mangalore/dp/B08JCMYQFD/ref=sr_1_201?dchild=1&keywords=Cashew&qid=1613335071&sr=8-201
Rivazo 100% Natural Fresh Whole Organic Cashew Nuts Kaju in Pet Jar 250 Grams,₹295 (₹295/count),https://www.amazon.in/RawFruit-HyperFoods-Popular-Cashewnut-Mangalore/dp/B08JCMYQFD/ref=sr_1_201?dchild=1&keywords=Cashew&qid=1613335071&sr=8-201
Thoothukudi Original Cashew Macroons - Pack of 3 x 100g (300g) - New,₹290 (₹290/count),https://www.amazon.in/HYPERFOODS-RawFruit-Classic-Roasted-Cashews/dp/B08KJMWC7N/ref=sr_1_202?dchild=1&keywords=Cashew&qid=1613335071&sr=8-202
Nutri Forest Rose Petals Coated Cashew Nuts - No Added Flavours ( Kaju Offers) (200g),₹325 (₹325/count),https://www.amazon.in/HYPERFOODS-RawFruit-Classic-Roasted-Cashews/dp/B08KJMWC7N/ref=sr_1_202?dchild=1&keywords=Cashew&qid=1613335071&sr=8-202
"Miltop Cashew 320, 250g","₹365 (₹146/100 g)
₹395",https://www.amazon.in/gp/slredirect/picassoRedirect.html/ref=pa_sp_mtf_aps_sr_pg5_1?ie=UTF8&adId=A08282991Y2W7O5D5O37A&url=%2FNatural-Splits-Broken-Premium-Cashews-1000gms%2Fdp%2FB08HDND36F%2Fref%3Dsr_1_203_sspa%3Fdchild%3D1%26keywords%3DCashew%26qid%3D1613335071%26sr%3D8-203-spons%26psc%3D1&qualifier=1613335083&id=5438553597059223&widgetName=sp_mtf
"Happilo 100% Natural Premium Whole Cashews, 200g + Happilo Premium IR Roasted & Salted Pistachios 200g","₹350 (₹43.75/100 g)
₹950",https://www.amazon.in/gp/slredirect/picassoRedirect.html/ref=pa_sp_mtf_aps_sr_pg5_1?ie=UTF8&adId=A08282991Y2W7O5D5O37A&url=%2FNatural-Splits-Broken-Premium-Cashews-1000gms%2Fdp%2FB08HDND36F%2Fref%3Dsr_1_203_sspa%3Fdchild%3D1%26keywords%3DCashew%26qid%3D1613335071%26sr%3D8-203-spons%26psc%3D1&qualifier=1613335083&id=5438553597059223&widgetName=sp_mtf
Cashews Special Naturally Raw Organic Kaju Cashew Nuts (100 g),"₹475 (₹118.75/count)
₹758",https://www.amazon.in/gp/slredirect/picassoRedirect.html/ref=pa_sp_mtf_aps_sr_pg5_1?ie=UTF8&adId=A0291218HOO8Z4IAVTUI&url=%2FTulsi-Split-Cashews-Piece-500g%2Fdp%2FB074P4W5B3%2Fref%3Dsr_1_204_sspa%3Fdchild%3D1%26keywords%3DCashew%26qid%3D1613335071%26sr%3D8-204-spons%26psc%3D1&qualifier=1613335083&id=5438553597059223&widgetName=sp_mtf
CazooTree Red Hot Chilly Flavoured Cashew Nut,"₹219 (₹219/count)
₹330",https://www.amazon.in/gp/slredirect/picassoRedirect.html/ref=pa_sp_mtf_aps_sr_pg5_1?ie=UTF8&adId=A0291218HOO8Z4IAVTUI&url=%2FTulsi-Split-Cashews-Piece-500g%2Fdp%2FB074P4W5B3%2Fref%3Dsr_1_204_sspa%3Fdchild%3D1%26keywords%3DCashew%26qid%3D1613335071%26sr%3D8-204-spons%26psc%3D1&qualifier=1613335083&id=5438553597059223&widgetName=sp_mtf
BAGUE W320 Natural Raw Whole Cashew Nuts (1 Kg/1000 g),₹395 (₹56.03/Oz),https://www.amazon.in/gp/slredirect/picassoRedirect.html/ref=pa_sp_mtf_aps_sr_pg5_1?ie=UTF8&adId=A0458645JNTDNT9JHVB6&url=%2FZEONELY-MART-Natural-Premium-Cashewnuts%2Fdp%2FB0849ZWJ2X%2Fref%3Dsr_1_205_sspa%3Fdchild%3D1%26keywords%3DCashew%26qid%3D1613335071%26sr%3D8-205-spons%26psc%3D1&qualifier=1613335083&id=5438553597059223&widgetName=sp_mtf
Haldiramâ s Salted & Roasted Cashews 325 g X 1 Tub,₹365 (₹51.77/Oz),https://www.amazon.in/gp/slredirect/picassoRedirect.html/ref=pa_sp_mtf_aps_sr_pg5_1?ie=UTF8&adId=A0458645JNTDNT9JHVB6&url=%2FZEONELY-MART-Natural-Premium-Cashewnuts%2Fdp%2FB0849ZWJ2X%2Fref%3Dsr_1_205_sspa%3Fdchild%3D1%26keywords%3DCashew%26qid%3D1613335071%26sr%3D8-205-spons%26psc%3D1&qualifier=1613335083&id=5438553597059223&widgetName=sp_mtf
Evergreen Farms Fresh Roasted Light Brown Whole Cashews Cashew Nut (Kaju) in Pet Jar 1 Kg,"₹825 (₹82.50/100 g)
₹1,400",https://www.amazon.in/gp/slredirect/picassoRedirect.html/ref=pa_sp_mtf_aps_sr_pg5_1?ie=UTF8&adId=A0880897VH1OSNV6AQTR&url=%2FMiltop-Cashew-240-500g%2Fdp%2FB00H8PX1ZQ%2Fref%3Dsr_1_206_sspa%3Fdchild%3D1%26keywords%3DCashew%26qid%3D1613335071%26sr%3D8-206-spons%26psc%3D1&qualifier=1613335083&id=5438553597059223&widgetName=sp_mtf
Cashew Peru 120g,"₹335 (₹335/count)
₹435",https://www.amazon.in/gp/slredirect/picassoRedirect.html/ref=pa_sp_mtf_aps_sr_pg5_1?ie=UTF8&adId=A0880897VH1OSNV6AQTR&url=%2FMiltop-Cashew-240-500g%2Fdp%2FB00H8PX1ZQ%2Fref%3Dsr_1_206_sspa%3Fdchild%3D1%26keywords%3DCashew%26qid%3D1613335071%26sr%3D8-206-spons%26psc%3D1&qualifier=1613335083&id=5438553597059223&widgetName=sp_mtf
"DiSano Whole Cashew Nuts (Kaju), 200g (Pack of 2)","₹474 (₹1,185/kg)
₹670",https://www.amazon.in/gp/slredirect/picassoRedirect.html/ref=pa_sp_atf_next_aps_sr_pg6_1?ie=UTF8&adId=A10463851UDCD9TERJNPA&url=%2FDiSano-Whole-Cashew-Nuts-Kaju%2Fdp%2FB08FFM7CR1%2Fref%3Dsr_1_241_sspa%3Fdchild%3D1%26keywords%3DCashew%26qid%3D1613335083%26smid%3DAT95IG9ONZD7S%26sr%3D8-241-spons%26psc%3D1&qualifier=1613335096&id=7730823167528545&widgetName=sp_atf_next
Upcrop Premium W320 Cashew 500 grams,"₹499 (₹99.80/100 g)
₹800",https://www.amazon.in/gp/slredirect/picassoRedirect.html/ref=pa_sp_atf_next_aps_sr_pg6_1?ie=UTF8&adId=A10463851UDCD9TERJNPA&url=%2FDiSano-Whole-Cashew-Nuts-Kaju%2Fdp%2FB08FFM7CR1%2Fref%3Dsr_1_241_sspa%3Fdchild%3D1%26keywords%3DCashew%26qid%3D1613335083%26smid%3DAT95IG9ONZD7S%26sr%3D8-241-spons%26psc%3D1&qualifier=1613335096&id=7730823167528545&widgetName=sp_atf_next
NattyNuts 100% Natural & Rich in Taste Cashews ( Made in India ) (200 gm),"₹275 (₹68.75/100 g)
₹1,800",https://www.amazon.in/gp/slredirect/picassoRedirect.html/ref=pa_sp_atf_next_aps_sr_pg6_1?ie=UTF8&adId=A02889712QPN0939PC8Z3&url=%2FUpcrop-Premium-W320-Cashew-grams%2Fdp%2FB08HSWXRBH%2Fref%3Dsr_1_242_sspa%3Fdchild%3D1%26keywords%3DCashew%26qid%3D1613335083%26sr%3D8-242-spons%26psc%3D1&qualifier=1613335096&id=7730823167528545&widgetName=sp_atf_next
"Puramio Roasted Cashew - Bubblegum, 175 gm","₹397 (₹226.86/100 g)
₹508",https://www.amazon.in/gp/slredirect/picassoRedirect.html/ref=pa_sp_atf_next_aps_sr_pg6_1?ie=UTF8&adId=A02889712QPN0939PC8Z3&url=%2FUpcrop-Premium-W320-Cashew-grams%2Fdp%2FB08HSWXRBH%2Fref%3Dsr_1_242_sspa%3Fdchild%3D1%26keywords%3DCashew%26qid%3D1613335083%26sr%3D8-242-spons%26psc%3D1&qualifier=1613335096&id=7730823167528545&widgetName=sp_atf_next
looms & weaves - Premium Salted and Roasted Cashew from Kerala - 500 gm,₹899 (₹179.80/100 g),https://www.amazon.in/gp/slredirect/picassoRedirect.html/ref=pa_sp_atf_next_aps_sr_pg6_1?ie=UTF8&adId=A0385736630YGT58Z48Z&url=%2FNattyNuts-Natural-Taste-Cashews-India%2Fdp%2FB08RGSW3X5%2Fref%3Dsr_1_243_sspa%3Fdchild%3D1%26keywords%3DCashew%26qid%3D1613335083%26sr%3D8-243-spons%26psc%3D1&qualifier=1613335096&id=7730823167528545&widgetName=sp_atf_next
"Delinut Premium Cashew Nuts, Golden Brown Roasted & Salted, 500 GMS, Pouch",₹920 (₹184/100 g),https://www.amazon.in/gp/slredirect/picassoRedirect.html/ref=pa_sp_atf_next_aps_sr_pg6_1?ie=UTF8&adId=A0385736630YGT58Z48Z&url=%2FNattyNuts-Natural-Taste-Cashews-India%2Fdp%2FB08RGSW3X5%2Fref%3Dsr_1_243_sspa%3Fdchild%3D1%26keywords%3DCashew%26qid%3D1613335083%26sr%3D8-243-spons%26psc%3D1&qualifier=1613335096&id=7730823167528545&widgetName=sp_atf_next
"SFT Cashews Kernels 2 Piece Split Nut, Big Size (Kaju 2 Tukda) Grade- 2 Piece 1 Kg",₹360 (₹180/100 g),https://www.amazon.in/gp/slredirect/picassoRedirect.html/ref=pa_sp_atf_next_aps_sr_pg6_1?ie=UTF8&adId=A10194761TQRAPG0RDA6R&url=%2FPuramio-Roasted-Cashew-Bubblegum-175%2Fdp%2FB08PDD4614%2Fref%3Dsr_1_244_sspa%3Fdchild%3D1%26keywords%3DCashew%26qid%3D1613335083%26sr%3D8-244-spons%26psc%3D1&qualifier=1613335096&id=7730823167528545&widgetName=sp_atf_next
The Nut Makers Sweet Chilli Barbecue Cashews-200gms,"₹699 (₹349.50/count)
₹999",https://www.amazon.in/gp/slredirect/picassoRedirect.html/ref=pa_sp_atf_next_aps_sr_pg6_1?ie=UTF8&adId=A10194761TQRAPG0RDA6R&url=%2FPuramio-Roasted-Cashew-Bubblegum-175%2Fdp%2FB08PDD4614%2Fref%3Dsr_1_244_sspa%3Fdchild%3D1%26keywords%3DCashew%26qid%3D1613335083%26sr%3D8-244-spons%26psc%3D1&qualifier=1613335096&id=7730823167528545&widgetName=sp_atf_next
"CDC CASHEWS -Premium Virgin Cashew Nuts 320 Grade, 500 Grams","₹355 (₹72.45/100 g)
₹420",https://www.amazon.in/looms-weaves-Premium-Quality-Roasted/dp/B01H9PXCX0/ref=sr_1_245?dchild=1&keywords=Cashew&qid=1613335083&sr=8-245
HYPERFOODS RawFruit by Indi BBQ Roasted Cashews 250gm & Masala Almonds 250gm Dry Fruit Combo (Sealed PET Jar),"₹999 (₹99.90/100 g)
₹1,999",https://www.amazon.in/looms-weaves-Premium-Quality-Roasted/dp/B01H9PXCX0/ref=sr_1_245?dchild=1&keywords=Cashew&qid=1613335083&sr=8-245
Kalyan Gems Broken Cashew Nuts 500gm Grams 4-Pieces Splits kaju,"₹1,250
₹1,648",https://www.amazon.in/Delinut-Premium-Cashew-Golden-Roasted/dp/B07TC57HV1/ref=sr_1_246?dchild=1&keywords=Cashew&qid=1613335083&sr=8-246
HYPERFOODS RawFruit by Whole Cashew Popular & Premium Plain Raw Cashewnut aju Dry Fruit 1000 Grams 1Kg PET Jar Mangalore W400 (250g Jar X 4 Units),₹360 (₹180/100 g),https://www.amazon.in/Delinut-Premium-Cashew-Golden-Roasted/dp/B07TC57HV1/ref=sr_1_246?dchild=1&keywords=Cashew&qid=1613335083&sr=8-246
Bague Cashews Special Natural Raw Organic Cashew Nuts Kaju 1kg 1000 Grams,"₹399 (₹159.60/100 g)
₹999",https://www.amazon.in/SFT-Cashews-Kernels-Split-Pieces/dp/B075X3SJGR/ref=sr_1_247_mod_primary_lightning_deal?dchild=1&keywords=Cashew&qid=1613335083&sbo=Tc8eqSFhUl4VwMzbE4fw%2Fw%3D%3D&smid=AT95IG9ONZD7S&sr=8-247
CDC CASHEWS Premium Virgin Cashew Nuts 240 Grade| 500 Grams| Pack of 2,"₹527 (₹131.75/100 g)
₹700",https://www.amazon.in/SFT-Cashews-Kernels-Split-Pieces/dp/B075X3SJGR/ref=sr_1_247_mod_primary_lightning_deal?dchild=1&keywords=Cashew&qid=1613335083&sbo=Tc8eqSFhUl4VwMzbE4fw%2Fw%3D%3D&smid=AT95IG9ONZD7S&sr=8-247
The Nut Makers Chilli Cheese Cashews -200gms,"₹753 (₹100.40/100 g)
₹940",https://www.amazon.in/Makers-Sweet-Chilli-Barbecue-Cashews-200gms/dp/B07Z4T1DNW/ref=sr_1_248?dchild=1&keywords=Cashew&qid=1613335083&sr=8-248
HYPERFOODS RawFruit Cheese & Onion Roasted Cashews American Flavor Kaju 250gm PET Jar,"₹470
₹800",https://www.amazon.in/Makers-Sweet-Chilli-Barbecue-Cashews-200gms/dp/B07Z4T1DNW/ref=sr_1_248?dchild=1&keywords=Cashew&qid=1613335083&sr=8-248
"My Village Cashew Nuts, Kerala W320 Export Grade Whole Plain Kaju (400g)","₹945 (₹105/100 g)
₹1,080",https://www.amazon.in/CDC-CASHEWS-Premium-Virgin-Cashew/dp/B088YCJ3GG/ref=sr_1_249?dchild=1&keywords=Cashew&qid=1613335083&sr=8-249
WONDERLAND FOODS (DEVICE) Split Cashews (2 Piece) 500g,"₹540 (₹108/100 g)
₹970",https://www.amazon.in/CDC-CASHEWS-Premium-Virgin-Cashew/dp/B088YCJ3GG/ref=sr_1_249?dchild=1&keywords=Cashew&qid=1613335083&sr=8-249
Kerala Natural Spices Cashew Nut 2 Pieces Splits {S} Cashews-500gm,"₹650 (₹162.50/100 g)
₹770",https://www.amazon.in/HYPERFOODS-RawFruit-Roasted-Cashews-Almonds/dp/B08LHBFXM9/ref=sr_1_250?dchild=1&keywords=Cashew&qid=1613335083&sr=8-250
HYPERFOODS RawFruit by Whole Cashew Popular & Premium Plain Raw Cashewnut aju Dry Fruit 100 Grams PET Jar Mangalore W400,"₹240 (₹240/count)
₹360",https://www.amazon.in/HYPERFOODS-RawFruit-Roasted-Cashews-Almonds/dp/B08LHBFXM9/ref=sr_1_250?dchild=1&keywords=Cashew&qid=1613335083&sr=8-250
"Amazon Brand - Solimo Almond, 250g With Amazon Brand - Solimo Cashew, 250g With Amazon Brand - Solimo Raisins, 250g","₹975 (₹121.88/100 g)
₹1,299",https://www.amazon.in/Kalyan-Gems-Broken-Cashew-4-Pieces/dp/B08KGF7W2Y/ref=sr_1_241?dchild=1&keywords=Cashew&qid=1613335083&sr=8-241
ZEONELY MART Kaju 2 Tukda | Cashews Nuts | Kaju Tukadi | Half Cashew Nuts (500Grams),"₹949 (₹94.90/100 g)
₹1,049",https://www.amazon.in/Kalyan-Gems-Broken-Cashew-4-Pieces/dp/B08KGF7W2Y/ref=sr_1_241?dchild=1&keywords=Cashew&qid=1613335083&sr=8-241
Tulsi Whole Cashew Premium Combo Pack 900g (200g x 2 + 500g),"₹380 (₹38,000/100 g)
₹500",https://www.amazon.in/HYPERFOODS-RawFruit-Popular-Cashewnut-Mangalore/dp/B08JD1LPJF/ref=sr_1_242?dchild=1&keywords=Cashew&qid=1613335083&sr=8-242
"Shara's Dry Fruits Cashew Nuts, 500 g","₹810 (₹81/100 g)
₹910",https://www.amazon.in/HYPERFOODS-RawFruit-Popular-Cashewnut-Mangalore/dp/B08JD1LPJF/ref=sr_1_242?dchild=1&keywords=Cashew&qid=1613335083&sr=8-242
Gourmia Roasted Cashews Lightly Salted 400g (200g x 2),"₹450 (₹15,000/100 g)
₹700",https://www.amazon.in/Cashews-Special-Natural-Organic-Cashew/dp/B08HD28GCH/ref=sr_1_243?dchild=1&keywords=Cashew&qid=1613335083&sr=8-243
"Godka™ Roasted Masala Cashews / Roasted Masala Kaju,500gm","₹315 (₹126/100 g)
₹500",https://www.amazon.in/Cashews-Special-Natural-Organic-Cashew/dp/B08HD28GCH/ref=sr_1_243?dchild=1&keywords=Cashew&qid=1613335083&sr=8-243
CazooTree Chrunchy Choco Flavoured Cashew Nut,"₹400 (₹160/100 g)
₹999",https://www.amazon.in/CDC-CASHEWS-Premium-Virgin-Cashew/dp/B08DHGWLT8/ref=sr_1_244?dchild=1&keywords=Cashew&qid=1613335083&sr=8-244
FreshoGen Cashew Nut Kerala Origin Premium Whole Kaju Plain & Raw - 1 Kg,"₹315 (₹315/count)
₹450",https://www.amazon.in/CDC-CASHEWS-Premium-Virgin-Cashew/dp/B08DHGWLT8/ref=sr_1_244?dchild=1&keywords=Cashew&qid=1613335083&sr=8-244
"Kerala Natural Spices Cashew Nut Big Size320,100% Cashew-1.Kg","₹689 (₹172.25/100 g)
₹699",https://www.amazon.in/Makers-Chilli-Cheese-Cashews-200gms/dp/B07Z4TNM47/ref=sr_1_245?dchild=1&keywords=Cashew&qid=1613335083&sr=8-245
Bankatji Roasted Cashews Oven Roasted - CHOCOLATE FLAVOUR 250 grams,"₹380 (₹43.08/Oz)
₹500",https://www.amazon.in/Makers-Chilli-Cheese-Cashews-200gms/dp/B07Z4TNM47/ref=sr_1_245?dchild=1&keywords=Cashew&qid=1613335083&sr=8-245
Anandhiya For Caterers - Scorched White Cashew Nut /Kaju Whole Kernels SW Grade [1 kg Pack],"₹999 (₹99.90/100 g)
₹1,620",https://www.amazon.in/HYPERFOODS-RawFruit-Roasted-Cashews-American/dp/B08KJLL4YM/ref=sr_1_246?dchild=1&keywords=Cashew&qid=1613335083&sr=8-246
Farmside The Konkan Cashew|W-240 | Zero Cholesterol |Naturally Sweet in Taste| 250gms,"₹1,399 (₹139.90/100 g)
₹1,900",https://www.amazon.in/HYPERFOODS-RawFruit-Roasted-Cashews-American/dp/B08KJLL4YM/ref=sr_1_246?dchild=1&keywords=Cashew&qid=1613335083&sr=8-246
"NUTS ABOUT YOU Cashews Roasted & Salted Pouch, 250 g","₹375 (₹150/100 g)
₹399",https://www.amazon.in/My-Village-Cashew-Kerala-Export/dp/B089S8VY1J/ref=sr_1_247?dchild=1&keywords=Cashew&qid=1613335083&sr=8-247
stylo exports Naturally Processed Raw Kaju Cashew Nuts (250 gm),₹360 (₹180/100 g),https://www.amazon.in/My-Village-Cashew-Kerala-Export/dp/B089S8VY1J/ref=sr_1_247?dchild=1&keywords=Cashew&qid=1613335083&sr=8-247
HyperFoods® RawFruit Whole Cashew Popular & Premium Cashewnut Kaju 250G PET Jar Mangalore W240 : 250 Grams X 1 Jar,"₹399 (₹399/count)
₹600",https://www.amazon.in/WONDERLAND-FOODS-DEVICE-Split-Cashews/dp/B08W29HKWV/ref=sr_1_248?dchild=1&keywords=Cashew&qid=1613335083&sr=8-248
Raghav Roasted and Salted Premium W-240 Cashew Nuts 250gm (Pack of 1),"₹549 (₹109.80/100 g)
₹999",https://www.amazon.in/WONDERLAND-FOODS-DEVICE-Split-Cashews/dp/B08W29HKWV/ref=sr_1_248?dchild=1&keywords=Cashew&qid=1613335083&sr=8-248
Nutri Forest Silver Saffhire Chocolate Cashew Nuts - Chocolate Coated cahews ( Kaju Offers) (400g),"₹360 (₹180/100 g)
₹450",https://www.amazon.in/Kerala-Natural-Spices-Cashew-Cashews-500gm/dp/B08M5YGP39/ref=sr_1_249?dchild=1&keywords=Cashew&qid=1613335083&sr=8-249
Bankatji Cashew Roasted Salted (Upvas / Fasting Special ) Oven Roasted - 250 Grams,"₹429 (₹214.50/100 g)
₹699",https://www.amazon.in/Kerala-Natural-Spices-Cashew-Cashews-500gm/dp/B08M5YGP39/ref=sr_1_249?dchild=1&keywords=Cashew&qid=1613335083&sr=8-249
"BOGATCHI Cashew Powder for Making - Curry, Paneer Sabzi, White Gravy, Malai Kofta, Dum Aloo, White Chicken, Kaju Shake , Ice Cream , , 200g , Free Measuring Spoon",₹360 (₹180/100 g),https://www.amazon.in/HYPERFOODS-RawFruit-Popular-Cashewnut-Mangalore/dp/B08JC9Q1S7/ref=sr_1_250?dchild=1&keywords=Cashew&qid=1613335083&sr=8-250
Bankatji Oven Roasted Cashew Nuts - Butter Chilly Masala (250 Grams) and Butter Masala Flavour (250 Grams) (Combo of 2),₹297 (₹99/count),https://www.amazon.in/HYPERFOODS-RawFruit-Popular-Cashewnut-Mangalore/dp/B08JC9Q1S7/ref=sr_1_250?dchild=1&keywords=Cashew&qid=1613335083&sr=8-250
Vaidaaz Whole Cashew Premium (Kaju) 200gm Combo pack of 2,"₹239
₹320",https://www.amazon.in/gp/slredirect/picassoRedirect.html/ref=pa_sp_mtf_aps_sr_pg6_1?ie=UTF8&adId=A087172234XD0MDMXB4DE&url=%2FAmazon-Brand-Solimo-Almonds-Raisins%2Fdp%2FB07JJC7JS2%2Fref%3Dsr_1_251_sspa%3Fdchild%3D1%26keywords%3DCashew%26qid%3D1613335083%26sr%3D8-251-spons%26psc%3D1&qualifier=1613335096&id=7730823167528545&widgetName=sp_mtf
Shara's Dry Fruits Cashew Nuts (Kaju) 1 Kg,"₹699 (₹699/count)
₹1,625",https://www.amazon.in/gp/slredirect/picassoRedirect.html/ref=pa_sp_mtf_aps_sr_pg6_1?ie=UTF8&adId=A087172234XD0MDMXB4DE&url=%2FAmazon-Brand-Solimo-Almonds-Raisins%2Fdp%2FB07JJC7JS2%2Fref%3Dsr_1_251_sspa%3Fdchild%3D1%26keywords%3DCashew%26qid%3D1613335083%26sr%3D8-251-spons%26psc%3D1&qualifier=1613335096&id=7730823167528545&widgetName=sp_mtf
"Kerala Natural Spices Cashew Nut Big Size320,100% Cashews-500gm","₹290
₹300",https://www.amazon.in/gp/slredirect/picassoRedirect.html/ref=pa_sp_mtf_aps_sr_pg6_1?ie=UTF8&adId=A0437722A2KIRORY8H9L&url=%2FZEONELY-MART-Natural-Premium-Cashewnuts%2Fdp%2FB084BNYYHB%2Fref%3Dsr_1_252_sspa%3Fdchild%3D1%26keywords%3DCashew%26qid%3D1613335083%26sr%3D8-252-spons%26psc%3D1&qualifier=1613335096&id=7730823167528545&widgetName=sp_mtf
CazooTree Summer Salt Flavored Cashew Nut (250 gm Standup Pouch),"₹250 (₹100/100 g)
₹320",https://www.amazon.in/gp/slredirect/picassoRedirect.html/ref=pa_sp_mtf_aps_sr_pg6_1?ie=UTF8&adId=A0437722A2KIRORY8H9L&url=%2FZEONELY-MART-Natural-Premium-Cashewnuts%2Fdp%2FB084BNYYHB%2Fref%3Dsr_1_252_sspa%3Fdchild%3D1%26keywords%3DCashew%26qid%3D1613335083%26sr%3D8-252-spons%26psc%3D1&qualifier=1613335096&id=7730823167528545&widgetName=sp_mtf
Bubblipop 100% Natural Premium Original Rose Petal Flavour Cashew Nuts (100 Gram) I Healthy Snacks I Vegan,"₹849 (₹849/count)
₹1,099",https://www.amazon.in/gp/slredirect/picassoRedirect.html/ref=pa_sp_mtf_aps_sr_pg6_1?ie=UTF8&adId=A0292334WMPBYPKSYV8N&url=%2FTulsi-Premium-Cashews-Combo-Packet%2Fdp%2FB07H4K6RB9%2Fref%3Dsr_1_253_sspa%3Fdchild%3D1%26keywords%3DCashew%26qid%3D1613335083%26sr%3D8-253-spons%26psc%3D1&qualifier=1613335096&id=7730823167528545&widgetName=sp_mtf
Dry Fruits Whole Cashews Nuts (kaju)500g - Healthy Dryfruit Nuts,"₹599 (₹119.80/100 g)
₹1,099",https://www.amazon.in/gp/slredirect/picassoRedirect.html/ref=pa_sp_atf_next_aps_sr_pg7_1?ie=UTF8&adId=A00860302G0UAXV7BZCKX&url=%2FFruits-Whole-Cashews-Nuts-kaju%2Fdp%2FB08WCPQK6F%2Fref%3Dsr_1_289_sspa%3Fdchild%3D1%26keywords%3DCashew%26qid%3D1613335096%26sr%3D8-289-spons%26psc%3D1&qualifier=1613335108&id=4517723957947892&widgetName=sp_atf_next
"NattyNuts 100% Natural & Rich In Antioxidants Almonds, Cashews ( Dry Fruits ) (400 gm)","₹450 (₹112.50/100 g)
₹550",https://www.amazon.in/gp/slredirect/picassoRedirect.html/ref=pa_sp_atf_next_aps_sr_pg7_1?ie=UTF8&adId=A00860302G0UAXV7BZCKX&url=%2FFruits-Whole-Cashews-Nuts-kaju%2Fdp%2FB08WCPQK6F%2Fref%3Dsr_1_289_sspa%3Fdchild%3D1%26keywords%3DCashew%26qid%3D1613335096%26sr%3D8-289-spons%26psc%3D1&qualifier=1613335108&id=4517723957947892&widgetName=sp_atf_next
"Fruitri Propular Cashew Broken, Kaju (2)","₹1,249 (₹1,24,900/100 g)
₹1,499",https://www.amazon.in/gp/slredirect/picassoRedirect.html/ref=pa_sp_atf_next_aps_sr_pg7_1?ie=UTF8&adId=A03862922NJ4IERAY7Z40&url=%2FNattyNuts-Natural-Antioxidants-Almonds-Cashews%2Fdp%2FB08SLVH47G%2Fref%3Dsr_1_290_sspa%3Fdchild%3D1%26keywords%3DCashew%26qid%3D1613335096%26sr%3D8-290-spons%26psc%3D1&qualifier=1613335108&id=4517723957947892&widgetName=sp_atf_next
"Miltop Cashew W320, 1kg","₹955 (₹95.50/100 g)
₹1,270",https://www.amazon.in/gp/slredirect/picassoRedirect.html/ref=pa_sp_atf_next_aps_sr_pg7_1?ie=UTF8&adId=A03862922NJ4IERAY7Z40&url=%2FNattyNuts-Natural-Antioxidants-Almonds-Cashews%2Fdp%2FB08SLVH47G%2Fref%3Dsr_1_290_sspa%3Fdchild%3D1%26keywords%3DCashew%26qid%3D1613335096%26sr%3D8-290-spons%26psc%3D1&qualifier=1613335108&id=4517723957947892&widgetName=sp_atf_next
Cashew Nut W450 (400g) Benin Quality | Borma Dried | Snow White Directly From Processing Plant,"₹525 (₹105/100 g)
₹649",https://www.amazon.in/gp/slredirect/picassoRedirect.html/ref=pa_sp_atf_next_aps_sr_pg7_1?ie=UTF8&adId=A03882192ELPGQHHOGWJE&url=%2FFruitri-Propular-Cashew-Broken-Kaju%2Fdp%2FB08P9VW5YX%2Fref%3Dsr_1_291_sspa%3Fdchild%3D1%26keywords%3DCashew%26qid%3D1613335096%26sr%3D8-291-spons%26psc%3D1&qualifier=1613335108&id=4517723957947892&widgetName=sp_atf_next
"Minimal Cashewnut Flour(Natural),500g","₹490 (₹98/100 g)
₹850",https://www.amazon.in/gp/slredirect/picassoRedirect.html/ref=pa_sp_atf_next_aps_sr_pg7_1?ie=UTF8&adId=A03882192ELPGQHHOGWJE&url=%2FFruitri-Propular-Cashew-Broken-Kaju%2Fdp%2FB08P9VW5YX%2Fref%3Dsr_1_291_sspa%3Fdchild%3D1%26keywords%3DCashew%26qid%3D1613335096%26sr%3D8-291-spons%26psc%3D1&qualifier=1613335108&id=4517723957947892&widgetName=sp_atf_next
VEDIC STOCKS Premium Oven Dry Pepper Cashew Nuts Dry Fruits Value Pack 500 Grams (Pack of 1),"₹825 (₹82.50/100 g)
₹1,600",https://www.amazon.in/gp/slredirect/picassoRedirect.html/ref=pa_sp_atf_next_aps_sr_pg7_1?ie=UTF8&adId=A0881421JCBW1OMRVR1E&url=%2FMiltop-Cashew-320-1kg%2Fdp%2FB010Q6KKFW%2Fref%3Dsr_1_292_sspa%3Fdchild%3D1%26keywords%3DCashew%26qid%3D1613335096%26sr%3D8-292-spons%26psc%3D1&qualifier=1613335108&id=4517723957947892&widgetName=sp_atf_next
Evergreen Farms Fresh Unpeeled Cashews with Skin NW Kaju for Natural Taste in Pet Jar 1 Kg,"₹365 (₹146/100 g)
₹395",https://www.amazon.in/gp/slredirect/picassoRedirect.html/ref=pa_sp_atf_next_aps_sr_pg7_1?ie=UTF8&adId=A0881421JCBW1OMRVR1E&url=%2FMiltop-Cashew-320-1kg%2Fdp%2FB010Q6KKFW%2Fref%3Dsr_1_292_sspa%3Fdchild%3D1%26keywords%3DCashew%26qid%3D1613335096%26sr%3D8-292-spons%26psc%3D1&qualifier=1613335108&id=4517723957947892&widgetName=sp_atf_next
Kalbavi Cashews Thai Chilly Flavoured Cashews (250 g),"₹590 (₹147.50/100 g)
₹840",https://www.amazon.in/Cashew-Benin-Quality-Directly-Processing/dp/B08RY13JSG/ref=sr_1_293?dchild=1&keywords=Cashew&qid=1613335096&sr=8-293
"Nutty Gritties Jumbo Roasted Cashew Nuts, Lightly Salted, Dry Roasted, Non Fried, Zero Oil - (Pack of 2-200g Each),400g","₹698 (₹698/count)
₹699",https://www.amazon.in/Cashew-Benin-Quality-Directly-Processing/dp/B08RY13JSG/ref=sr_1_293?dchild=1&keywords=Cashew&qid=1613335096&sr=8-293
Haldiram's Masala Cashews 325 g X 1 Pcs,"₹1,099 (₹109.90/100 g)
₹1,400",https://www.amazon.in/Minimal-Cashewnut-Flour-Natural-500g/dp/B084SZK481/ref=sr_1_294?dchild=1&keywords=Cashew&qid=1613335096&sr=8-294
Nature's Bliss Cashews Nuts - Kaju Big Size 1Kg Cashews Jumbo - Jar Packing [Pure and Natural White Cashew],"₹1,139 (₹113.90/100 g)
₹1,199",https://www.amazon.in/Minimal-Cashewnut-Flour-Natural-500g/dp/B084SZK481/ref=sr_1_294?dchild=1&keywords=Cashew&qid=1613335096&sr=8-294
"Dobariya natural Premium Whole Cashew Nuts/kaju,1Kg","₹750 (₹111.11/100 g)
₹1,400",https://www.amazon.in/VEDIC-STOCKS-Premium-Pepper-Cashew/dp/B08T9J9KRF/ref=sr_1_295?dchild=1&keywords=Cashew&qid=1613335096&sr=8-295
Rivazo Tangy Peri Peri Flavoured Cashews(Owen Roasted and Oil Free) in Pet Jar (675 Grams),"₹560 (₹112/100 g)
₹650",https://www.amazon.in/VEDIC-STOCKS-Premium-Pepper-Cashew/dp/B08T9J9KRF/ref=sr_1_295?dchild=1&keywords=Cashew&qid=1613335096&sr=8-295
"Stylo Retail Jumbo Dry Fruits Cashew Nuts, 500 g","₹499 (₹99.80/100 g)
₹999",https://www.amazon.in/Evergreen-Farms-Unpeeled-Cashews-Natural/dp/B08B415JQ3/ref=sr_1_296?dchild=1&keywords=Cashew&qid=1613335096&sr=8-296
"Anandi® Cashew 500gms , Anandi Kaju 500gms, Dry Fruit , Meva , Cashew Nuts","₹350 (₹66.16/Oz)
₹478",https://www.amazon.in/Evergreen-Farms-Unpeeled-Cashews-Natural/dp/B08B415JQ3/ref=sr_1_296?dchild=1&keywords=Cashew&qid=1613335096&sr=8-296
Kesar The Happiness Flavour Healthy Kaju Dry Fruits Cheese & Oregano Flavoured Cashew 150g (Pack of 1),"₹750 (₹125/100 g)
₹1,050",https://www.amazon.in/Kalbavi-Cashews-Thai-Chilly-Flavoured/dp/B07V81J5F4/ref=sr_1_297?dchild=1&keywords=Cashew&qid=1613335096&sr=8-297
SHREE SHYAM Kaju Chura| Cashews Nuts (BB) (1),"₹679 (₹67.90/100 g)
₹1,249",https://www.amazon.in/Kalbavi-Cashews-Thai-Chilly-Flavoured/dp/B07V81J5F4/ref=sr_1_297?dchild=1&keywords=Cashew&qid=1613335096&sr=8-297
"Molsi's blissfully Salted Combo 600g (200g Each of Cashew, Almond and Pistachio)","₹260 (₹52/100 g)
₹280",https://www.amazon.in/Nutty-Gritties-Roasted-Salted-Cashews/dp/B07NHKZZBS/ref=sr_1_298?dchild=1&keywords=Cashew&qid=1613335096&sr=8-298
The Farm Basket Cashews Nuts Broken 4 Pieces ( Kaju Tukada ) (Pack of 1 KILOGRAMS),"₹499 (₹99.80/100 g)
₹699",https://www.amazon.in/Nutty-Gritties-Roasted-Salted-Cashews/dp/B07NHKZZBS/ref=sr_1_298?dchild=1&keywords=Cashew&qid=1613335096&sr=8-298
Manvik FOODS Goa Cashew Kani 500g | Cashew bb Tukda | Kaju Kani Tukda 500 gm,"₹750 (₹111.11/100 g)
₹1,400",https://www.amazon.in/Haldirams-Masala-Cashews-325-Pcs/dp/B08MF8MQ51/ref=sr_1_289?dchild=1&keywords=Cashew&qid=1613335096&sr=8-289
"Spicy Carte Premium Cashews, 500gm","₹335 (₹223.33/100 g)
₹435",https://www.amazon.in/Haldirams-Masala-Cashews-325-Pcs/dp/B08MF8MQ51/ref=sr_1_289?dchild=1&keywords=Cashew&qid=1613335096&sr=8-289
Rivazo Blended Black Pepper Flavoured Cashews(Owen Roasted and Oil Free) in Pet Jar (675 Grams),"₹287 (₹1.15/Item)
₹400",https://www.amazon.in/Natures-Bliss-Cashews-Nuts-Packing/dp/B08LC9H3FC/ref=sr_1_290?dchild=1&keywords=Cashew&qid=1613335096&sr=8-290
"Puramio Roasted Cashew Black Pepper, 150g","₹660 (₹66.67/100 g)
₹1,400",https://www.amazon.in/Natures-Bliss-Cashews-Nuts-Packing/dp/B08LC9H3FC/ref=sr_1_290?dchild=1&keywords=Cashew&qid=1613335096&sr=8-290
"NUTS ABOUT YOU Cashews Jumbo Pouch, 250 g","₹869 (₹86,900/100 g)
₹1,256",https://www.amazon.in/Dobariya-natural-Premium-Whole-Cashew/dp/B08VGCVLYX/ref=sr_1_291?dchild=1&keywords=Cashew&qid=1613335096&sr=8-291
Stylo Cashews Nuts Broken 4 Pieces - 1kg | Kaju Tukadi (Kaju Tukda / Kaju Fada),"₹899 (₹449.50/count)
₹2,040",https://www.amazon.in/Dobariya-natural-Premium-Whole-Cashew/dp/B08VGCVLYX/ref=sr_1_291?dchild=1&keywords=Cashew&qid=1613335096&sr=8-291
RK's Mom's Touch 100% Natural Whole Scale Cashews / Kaju Nuts W420 {1000gms} {1Kg},₹600 (₹142.86/100 g),https://www.amazon.in/Rivazo-Tangy-Flavoured-Cashews-Roasted/dp/B08HLV3LYX/ref=sr_1_292?dchild=1&keywords=Cashew&qid=1613335096&sr=8-292
SoftArt Dry Fruits Combo of Roasted _ Salted Kaju & Pista Kernels Without Shell (250g Each) Vacuum Pack,"₹335 (₹223.33/100 g)
₹435",https://www.amazon.in/Rivazo-Tangy-Flavoured-Cashews-Roasted/dp/B08HLV3LYX/ref=sr_1_292?dchild=1&keywords=Cashew&qid=1613335096&sr=8-292
