Product Name,Price
Nutraj Cashew Nuts W450 (400g X 2),"₹204 (₹102/100 g)
₹315"
"Happilo 100% Natural Premium Whole Cashews, 200g","₹251 (₹125.50/100 g)
₹285"
"Molsi’s Royal Crunch Cashews, 200 Grams","₹499 (₹99.80/100 g)
₹800"
"Happilo 100% Natural Premium Whole Cashews, 200g (Pack of 2)","₹204 (₹102/100 g)
₹315"
Upcrop Premium W320 Cashew 500 grams,"₹204 (₹102/100 g)
₹315"
"Happilo 100% Natural Premium Whole Cashews, 200g","₹960 (₹96/100 g)
₹1,620"
Nutraj Cashew Nuts W450 (400g X 2),"₹1,149 (₹114.90/100 g)
₹1,600"
"Happilo 100% Natural Premium Whole Cashews, 200g","₹235 (₹117.50/100 g)
₹280"
"Shara's Dry Fruits W320 Cashewnuts I Cashews I Kaju, 1kg","₹500 (₹100/100 g)
₹775"
TOUCHSTONE - our motto is TOUCHSTONE Premium Whole Cashew Nuts W240-1KG (1000g),₹500 (₹100/100 g)
,"₹568 (₹113.60/100 g)
₹700"
"Amazon Brand - Vedaka Whole Cashews, 200g","₹999 (₹99.90/100 g)
₹1,198"
"Happilo 100% Natural Premium Whole Cashews Value Pack Pouch, 500 g","₹569 (₹113.80/100 g)
₹700"
"Happilo 100% Natural Premium Whole Cashews 500g, Value Pack","₹335 (₹335/count)
₹435"
"Amazon Brand - Vedaka Popular Whole Cashews, 500g","₹160 (₹160/100 g)
₹195"
Stylo Premium Broken 4-Piece Cashew Nuts Spit Cashews 1kg,"₹499 (₹99.80/100 g)
₹660"
FarmOwn Whole Cashew Nut W320 Regular Size Cashews Kaju 1Kg,"₹496 (₹124/100 g)
₹670"
"Amazon Brand - Vedaka Whole Cashews, (500g)","₹949 (₹94.90/100 g)
₹1,625"
"Amazon Brand - Solimo Premium Cashews, 250g","₹999 (₹99.90/100 g)
₹1,198"
"Pro Nature 100% Organic Cashew Nuts, 100g","₹240 (₹96/100 g)
₹400"
"Fresh Nut House Premium Whole Kerala Origin Plain Cashew Nut, 500 Grams","₹850 (₹85/100 g)
₹1,400"
"Happilo 100% Natural Premium Whole Cashews, 200g (Pack of 2)","₹214 (₹107/100 g)
₹240"
WONDERLAND FOODS (DEVICE) Raw Cashew W320 Premium White (400g x 2) (800),"₹558 (₹111.60/100 g)
₹699"
"Molsi's Royal Crunch Cashews, 1kg (200g x 5)","₹360 (₹72/100 g)
₹460"
FarmOwn Whole Cashew Nut W320 Regular Size Cashews Kaju 1Kg,"₹499 (₹99.80/100 g)
₹600"
Rivazo 100% Natural Fresh Whole Organic Cashew Nuts Kaju in Pet Jar 250 Grams,"₹356
25 (₹178.13/100 g)
₹375"
Rivazo 100% Natural Fresh Organic Whole Cashew Nuts Kaju 1 Kg,"₹251 (₹125.50/100 g)
₹285"
Evergreen Farms Natural Organic Cashew Kaju Wholes with Natural Taste in Pet Jar 1 Kg,"₹650 (₹65/100 g)
₹2,000"
"Spicy Carte Premium Cashews, 500gm","₹639 (₹127.80/100 g)
₹999"
"Amazon Brand - Vedaka Popular Cashews - Broken, 200g","₹625 (₹62,500/100 g)
₹699"
Nutraj Special Cashew Nuts W320 500g,"₹620 (₹62.63/100 g)
₹790"
Stylo Premium Broken 4-Piece Cashew Nuts Spit Cashews 500g,"₹600 (₹120/100 g)
₹630"
nutndiet Fresh Crunchy Cashews Economy (Super Small) Wholes (500g),"₹505 (₹101/100 g)
₹600"
"Cornitos Roasted Cashew, Crack Pepper, 200g","₹854 (₹85.40/100 g)
₹902"
"Molsi’s Royal Crunch Cashews, 200 Grams","₹500 (₹100/100 g)
₹699"
"Ancy Foods 100% Natural Cashews Kernels Piece Split Nut, Big Size, High Quality (Kaju 2 Tukda) Dry Fruit,1kg",₹200 (₹200/100 g)
"Fresh Nut House Dry Roasted Lightly Salted Cashew Nut, 500 Grams","₹889 (₹88.90/100 g)
₹1,690"
Organic Nuts® Cashews Nuts Broken 2 - 3 Pieces (White & Fresh) [Vacuum Pack] - 900g,"₹129 (₹129/100 g)
₹140"
Stylo Broken Kashews (500 GMS) Cashews raw Plain 4 Pieces Splits Nut,"₹875 (₹87.50/100 g)
₹950"
Kalyan Gems Broken Cashew Nuts 1kg 4-Pieces Splits kaju,"₹325 (₹162.50/100 g)
₹385"
ZANTYE Goa Cashews (W240) 500gms,"₹109 (₹109/100 g)
₹120"
"DiSano Whole Cashew Nuts (Kaju), 200g","₹319 (₹159.50/100 g)
₹350"
Azra Cashews W240 Premium Quality Cashews 500gms,"₹287 (₹1.15/Item)
₹400"
"Miltop Cashew W320, 1kg","₹699 (₹699/count)
₹1,398"
"Anandhiya For Caterers - Plain Cashew Nut / Kaju Whole Kernels [Average Grade, Commercial Quality] for Caterers, Restaurants, Sweet Makers - Crispy, Crunchy, Off-White [1Kg Pack]","₹1,219 (₹121.90/100 g)
₹1,700"
FreshoGen Cashew Nut W320 Premium Whole Kaju - 500 Grams,"₹284 (₹142/100 g)
₹360"
Bague Cashews Special Natural Raw Organic Cashew Nuts Kaju (500 g),"₹356
25 (₹178.13/100 g)
₹375"
"24 Mantra Organic Cashew Whole, 100g","₹372 (₹265.71/100 g)
₹392"
BAGUE W320 Natural Raw Whole Cashew Nuts (1 Kg/1000 g),"₹129 (₹129/100 g)
₹280"
Nutraj Cashew Nuts W450 400g,"₹356 (₹89/100 g)
₹749"
Cashew Nut W450 (800g) Benin Quality | Borma Dried | Snow White Directly From Processing Plant,"₹630 (₹78.75/100 g)
₹1,528"
Evergreen Farms Fresh Whole Cashews Kaju 500 Grams,"₹427 (₹85.40/100 g)
₹800"
Evergreen Farms Fresh Roasted Light Brown Whole Cashews Cashew Nut (Kaju) in Pet Jar 1 Kg,"₹860 (₹86/100 g)
₹1,450"
"Happilo Premium Toasted and Salted Cashews, 200g","₹350 (₹70/100 g)
₹480"
Nutraj Special Cashew Nuts W320 - 1Kg (2 X 500g),"₹699 (₹69.90/100 g)
₹900"
"SFT Cashews Kernels 4 Piece Broken, (Kaju 4 Tukda) Pure Mangalore [Grade- 4 Piece�Broken] 900 Gm","₹399 (₹199.50/100 g)
₹435"
Evergreen Farms Natural Organic Cashew Kaju Wholes with Natural Taste in Pet Jar 1 Kg,"₹315 (₹126/100 g)
₹500"
"Bague Broken 4-Piece Cashew Nuts Split Cashews (Kaju 4 Tukda), 500g","₹255 (₹102/100 g)
₹500"
Go Vegan Cashews Nuts Broken 4 Pieces Kaju Tukadi - 1KG,"₹1,119 (₹111.90/100 g)
₹1,500"
"Organic Box Cashew Nuts / Kaju Whole Kernels Plain [Average Grade, Commercial Quality] for Caterers, Restaurants, Sweet Makers - Crispy, Crunchy, Off-White (900 Gram)","₹558 (₹111.60/100 g)
₹699"
"Nutty Gritties Southern Pepper Cashew Nuts, Dry Roasted, Non Fried, Zero Oil, 200g","₹235 (₹117.50/100 g)
₹280"
"NUTS ABOUT YOU Cashews Roasted & Salted Pouch, 250 g","₹1,199 (₹1,199/count)
₹1,480"
TOUCHSTONE - our motto is TOUCHSTONE Premium Whole Cashew Nuts W240-1KG (1000g),"₹1,009 (₹100.90/100 g)
₹1,400"
"Happilo Premium Toasted and Salted Cashews, 200g (Pack of 2)","₹255 (₹127.50/100 g)
₹749"
"EXOTES Cashew Vacuum Packed Pouch, 250 g Pack of (1x250grams)","₹824 (₹82.40/100 g)
₹1,099"
"Bola Cashew Nuts with Skin (Natural Wholes with skin), 500 Grams",₹399 (₹199.50/100 g)
"GreenFinity® 500g Dry Fruits Combo Pack of Premium Almond, 250g & Cashew Nuts, 250g.","₹349 (₹349/count)
₹400"
Touchstone W270-1KG Premium Whole Cashew Nuts W270-1000g (1000 Grams),"₹525 (₹105/100 g)
₹800"
"Ziofit Indian Whole Cashewnuts, 200g (Buy 1 Get 1 Free)","₹446 (₹178.40/100 g)
₹495"
Nutraj Special Cashew Nuts W320 500g,"₹499 (₹124.75/100 g)
₹699"
"Amazon Brand - Vedaka Whole Cashews, 200g","₹1,099 (₹109.90/100 g)
₹1,500"
FarmOwn W240 Large Size Cashews Whole Cashew Nut 1 Kg,"₹1,122 (₹112.20/100 g)
₹1,600"
"WONDERLAND FOODS (DEVICE) Plain Raw Cashews Nuts - 1 Kg, W400, 400 Pieces in a Pound","₹990 (₹99/100 g)
₹2,100"
"SFT Cashew Kernels Nuts Gold , Pure mangalore (Kaju Sabut , Whole Cashews) [Grade - W 320 No.] 200 Gm","₹359 (₹359/count)
₹449"
"Ziofit Indian Whole Cashewnuts, 500g (Buy 1 Get 1 Free)","₹850 (₹85/100 g)
₹1,400"
"TOUCHSTONE - our motto is TOUCHSTONE Half Broken Cashew Nuts (Half Kernels, 500g)","₹860 (₹430/count)
₹890"
"SFT Cashews Kernels 2 Piece Split Nut, Big Size, Pure Mangalore (Kaju 2 Tukda) [Grade- 2 Piece] 400 Gm","₹357 (₹79.33/100 g)
₹699"
Delight Nuts Cashews Roasted & Salted- 200gm,"₹416 (₹166.40/100 g)
₹499"
FarmOwn W240 Large Size Cashews Whole Cashew Nut 1 Kg,"₹449 (₹224.50/count)
₹750"
"Bague 100% Natural Cashews Kernels 2 Piece Split Nut, 900g Big Size, (Kaju 2 Tukda) Dry Fruit,","₹621 (₹124.20/100 g)
₹876"
Royal Dry Fruits Plain Whole Premium Cashews 500gm,"₹530 (₹106/100 g)
₹630"
"NatureVit Roasted Cashew Nuts, 250g [Salted]","₹215 (₹107.50/100 g)
₹240"
Nutraj Cashew Nuts W320 250g,"₹313 (₹125.20/100 g)
₹529"
WONDERLAND FOODS (DEVICE) Raw Cashew W320 Premium White (400g x 2) (800),"₹355 (₹88.75/100 g)
₹780"
Cashew Nut W450 (400g) Benin Quality | Borma Dried | Snow White Directly From Processing Plant,"₹845 (₹422.50/100 g)
₹1,000"
Tulsi Whole Cashews Premium Combo 800g (200g x 4),"₹1,009 (₹100.90/100 g)
₹1,400"
RawFruit by HyperFoods Whole Cashew Popular & Premium Plain Raw Cashewnut Kaju Dry Fruit 750gm PET Jar Mangalore W240 (250 Grams Jar X 3 Units),"₹849 (₹84.90/100 g)
₹1,249"
"WONDERLAND FOODS (DEVICE) Plain Raw Cashews Nuts - 1 Kg, W400, 400 Pieces in a Pound","₹670 (₹19/Oz)
₹999"
"WONDERLAND FOODS (DEVICE) Premium Dry Fruits Combo Pack of (500g Cashew + 500g Raisin, 1Kg in Jar)","₹699 (₹139.80/100 g)
₹900"
"ZEONELY MART Cashews Nuts Broken 4-Piece Cashew Nuts Spit Cashews (Kaju 4 Tukda), 1kg","₹416 (₹166.40/100 g)
₹499"
"BOLA Jumbo Sized Cashew Nuts, 500 Grams (W180)","₹1,050 (₹105/100 g)
₹1,600"
Ariga Foods Cashew Nuts Cheese & Herbs Flavoured Healthy & Nutritious Supersnack 100Gm Pack of 1,"₹390 (₹156/100 g)
₹450"
Ariga Foods Cashew Nuts Himalayan Pink Salted Flavoured Premium Healthy & Nutritious Supersnack 100Gm Pack of 1,"₹416 (₹166.40/100 g)
₹499"
Ariga Foods Cashew Nuts Himalayan Pink Salted Flavoured Premium Healthy & Nutritious Supersnack 250Gm Pack of 1,"₹209 (₹99.52/100 g)
₹349"
Nutraj Signature Cashew Nuts Plain W240 - 3 x 200 gms,"₹650 (₹65/100 g)
₹2,000"
Bague w270 Natural Processed Raw Cashew Nuts (1 Kg),"₹454
₹575"
Naturoz Whole Cashews 200g,"₹869 (₹86,900/100 g)
₹1,099"
Natureland Organics Cashew (Dry Fruits) 200 Gm - Premium Whole Cashew,"₹729 (₹607.50/100 g)
₹1,099"
"Bankatji Oven Roasted Cashew Nuts - Butter Chilly Masala, 250 Grams","₹1,055 (₹1,055/count)
₹1,450"
Ariga Foods Cashew Nuts Kaalimirch Flavoured Healthy & Nutritious Supersnack 250Gm Pack of 1,"₹900 (₹90.91/100 g)
₹1,250"
Mustin Premium Salted Cashews (210g),₹599 (₹33.96/Oz)
"Ancy Foods 100% Natural Cashews Kernels Piece Split Nut, (Kaju 2 Tukda) Dry Fruit,1kg","₹320 (₹128/100 g)
₹360"
Amazon Brand - Solimo Dry Fruits Combo Pack - Raisins & Cashew 250 gms each,"₹390 (₹156/100 g)
₹450"
RK's Mom's Touch 100% Natural Premium Scale Cashews / Kaju Nuts W420 [1000gms] [1kg],"₹839 (₹83.90/100 g)
₹1,600"
Pure Food-Cashews Nuts Broken 4 Pieces - Kaju Tukadi 1000gm,"₹475 (₹475/count)
₹525"
"Miltop Premium Big Size Cashew Nuts W240, 1 kg","₹799 (₹79.90/100 g)
₹1,500"
Bague Cashews Special Natural Raw Organic Cashew Nuts Kaju 1kg 1000 Grams,"₹379 (₹75.80/100 g)
₹550"
GREEN BEE Premium Whole Cashews - Crispy & Crunchy -Bigger Nuts - W240 -500gms,"₹463 (₹220.48/100 g)
₹515"
"GetKrrackin! Lemon Pepper Roasted Cashews, 280 GMS (20 GMS*14 Single Serve Packs)| Anytime Munching| Rich in Fibre & Protein|Perfect for Gifting","₹1,309 (₹130.90/100 g)
₹1,800"
"Chota Mota Premium Whole Cashew Nuts W320, 250g Resealable Pack","₹240 (₹120/100 g)
₹300"
"Bankatji Cashews Oven Roasted - Butter Masala, 250 Grams","₹1,200 (₹1,20,000/100 g)
₹2,000"
MFi Brand Madras Premium Cashew | Whole Big Raw Unroasted Export Quality Grade W | kaju (800g),"₹659 (₹131.80/100 g)
₹875"
nutndiet Fresh Crunchy Cashews Premium (100g),₹899 (₹179.80/100 g)
"Yummicious Foods Premium Whole Cashew Nuts, 1kg","₹660 (₹66.67/100 g)
₹1,400"
"Lagom Gourmet Roasted & Salted Indian Cashew Nuts (Kaju), 250g","₹385 (₹77/100 g)
₹500"
"Being Marwari Broken 4-Piece Cashew Nuts Spit Cashews (Kaju 4 Tukda), 1kg","₹1,055 (₹1,055/count)
₹1,450"
nutndiet Fresh Crunchy Cashews 8-Pieces (500g),"₹270 (₹54.11/100 g)
₹550"
VEDIC STOCKS Premium Oven Dry Salted Cashew Nuts Dry Fruits Value Pack 500 Grams (Pack of 1),"₹380 (₹380/count)
₹462"
"Hearty Bite Premium Roasted Snacks Combo of 2 (Cashew & Almond), (Sweet & Spicy) 210 grams","₹610 (₹122/100 g)
₹750"
BOLA Jumbo Sized Cashew W180 1Kg (2x500g),"₹480 (₹96/100 g)
₹600"
Stylo 100% Natural Premium Whole Cashew Nuts Cashew Kaju W320 100g 200g 400g 450g250 Grams 500g 1000g 1kg (200 Grams),"₹575 (₹143.75/100 g)
₹700"
stylo Broken Cashew Nuts Splits 4 Pieces tukda 2kg kaju Crispy Crunchy Fresh Stock,"₹360 (₹73.47/100 g)
₹650"
URBANS Cashew Nuts Premium Roasted & Salted Cashews in TIN – Grade W240 |Export Quality Cashew | Premium Grade Cashew Nuts - 200 Grams (TIN),"₹900 (₹90/100 g)
₹1,400"
TOUCHSTONE - our motto is TOUCHSTONE Whole Cashew Nuts -W210 (500 Gms),"₹660 (₹1.35/count)
₹750"
looms & weaves - Premium Salted and Roasted Cashew from Kerala - 500 gm,"₹349 (₹34,900/100 g)
₹499"
Stylo Cashews Nuts Broken 4 Pieces - 1kg | Kaju Tukadi (Kaju Tukda / Kaju Fada),"₹571 (₹114.20/100 g)
₹990"
HAJARA Enterprises Cashew Wholes 500 g,"₹753 (₹100.40/100 g)
₹940"
"Miltop Premium Big Size Cashew Nuts W240, 1 kg","₹599 (₹119.80/100 g)
₹699"
"Fruitri Propular Cashew Broken, Kaju (1)","₹689 (₹68,900/100 g)
₹1,499"
Wonderland Foods (Device) Plain Raw Cashews -1 Kg,"₹1,122 (₹112.20/100 g)
₹1,600"
nutndiet Fresh Crunchy Cashews Premium (100g),"₹139 (₹139/100 g)
₹210"
"SoftArt Dry Fruits Combo of Whole Kaju Nuts & 180 Grade Cashew Nut, W-180 Cashews (Kaju) (250g Each)","₹800 (₹160/100 g)
₹1,600"
Bague Whole Cashew Nuts 1kg W320 Grade,"₹890 (₹89.90/100 g)
₹990"
PUREHEART Nutreat Fiery Hot Cashews 340 gm | 100% Vegetarian | No Added Colors | No Preservatives,"₹449 (₹449/count)
₹499"
"SELTOS Natural Premium Large Size Whole Cashews W240, Kaju ,Cashew Nuts , Dry Fruits (500g in Reusable Strong Jar)","₹499 (₹99.80/100 g)
₹999"
GreenFinity® Cashews Nuts Broken 2 - 3 Pieces - 500g | Kaju Tukadi | Vacuumed Pack.,"₹399 (₹39,900/100 g)
₹599"
"Bola Quality Mangalorean Cashew Nuts, W240- 1 kg","₹1,085 (₹108.50/100 g)
₹1,800"
Haldiram's Nagpur Cashews Jar (200 g),₹280 (₹140/100 g)
"RK's Mom's Touch Dry Roasted Unsalted Cashew Nut, 500 Grams","₹564 (₹56,400/100 g)
₹999"
FarmOwn W180 Jumbo Size Cashews Whole Cashew Nut 500 Grams,"₹451 (₹451/count)
₹550"
"OOSH Cashew Kernels, 200 g","₹490 (₹490/count)
₹599"
NUTRONUTS Premium W240 Cashews 500g VACCUM Packed Hand Picked KAJUS,"₹630 (₹78.75/100 g)
₹1,528"
Cashew Nut W450 (800g) Benin Quality | Borma Dried | Snow White Directly From Processing Plant,"₹365 (₹0.17/Oz)
₹395"
Kalbavi Cashews Assorted 5 in 1Flavoured Cashew (250 g),"₹429 (₹107.25/100 g)
₹595"
Forest Fresh 100% Natural - Classic Whole Cashews (Kaju) - 400gm - Everyday Essential Superfood - Dry Fruits & Nuts - Rich in Protein & Iron - Preservative Free,"₹1,250
₹1,648"
CDC CASHEWS Premium Virgin Cashew Nuts 240 Grade| 500 Grams| Pack of 2,"₹571 (₹114.20/100 g)
₹990"
PESHWAI Premium Goa Cashew/ Kaju 500g,"₹869 (₹86,900/100 g)
₹1,199"
Zantye Cashew with Skin 500 Grams,₹845 (₹169/100 g)
RK's Mom's Touch 100% Natural Premium Whole Scale Cashews / Kaju Nuts W420 [1000gms] [1kg],"₹791 (₹131.83/100 g)
₹1,347"
Organic Box Cashews Nuts Broken 4 Pieces - 1 kg | Kaju Tukadi,"₹620
₹776"
The Nut Makers Plain & Simple Cashews-500gms,"₹350 (₹140/100 g)
₹420"
Nutraj Signature Cashew Nuts Plain W240 - 3 x 200 gms,₹615 (₹615/615)
"CDC CASHEWS -Premium Virgin Cashew Nuts 320 Grade, 500 Grams","₹590 (₹118/100 g)
₹950"
Zantye Pepper Cashew 250 Grams,"₹810 (₹81/100 g)
₹910"
"Just Organik Cashew 250 g, 100% Organic","₹250 (₹100/100 g)
₹400"
YUM YUM Premium W240 Cashews Nut Kaju 500g,"₹280 (₹112/100 g)
₹500"
Anandhiya For Caterers - Scorched White Cashew Nut /Kaju Whole Kernels SW Grade [1 kg Pack],"₹336 (₹23.81/Oz)
₹499"
Rivazo Owen Roasted and Salted Brownish and Crispy Whole Cashew Nuts Kaju in Pet Jar 250 Grams,"₹379 (₹151.60/100 g)
₹999"
"Sattvic Foods Truly Goan Cashewnuts (Double Drum Roasted with Skin, 500g - Quality 210 (Extra Large)) Goa Cashews, Great for Snack",₹430 (₹86/100 g)
Kalyan Gems Broken Cashew Nuts Cashews 250g Grams 4-Pieces Splits kaju tukda Plain,"₹179 (₹179/100 g)
₹599"
stylo exports Naturally Processed Raw Kaju Cashew Nuts (250 gm),"₹460 (₹460/count)
₹1,000"
Nutraj Broken Cashews 4 Pieces Split Nut 400g,"₹399 (₹159.60/100 g)
₹999"
HYPERFOODS RawFruit PIRI PIRI Roasted Cashews PERI PERI Flavor Kaju 250gm PET Jar,"₹415 (₹83/100 g)
₹800"
Tulsi Split Cashews (2 Piece) 500g,"₹487 (₹487/count)
₹634"
"SFT Cashews Kernels Nut Roasted & Salted, Golden Brown [Big Size, Kaju Namak] Pure Mangalore (Grade- 210 No.)�100 Gm","₹399 (₹399/count)
₹699"
"Dry Fruit Hub Cashew Nuts 250g, Kaju, Salted Cashew Nuts Oil Free, Salted And Roasted Kaju, Roasted Cashews - Salted","₹529 (₹105.80/100 g)
₹799"
"Exotes Popular Cashews Vacuum Pouch, 500 g","₹729 (₹607.50/100 g)
₹1,099"
HYPERFOODS RawFruit Cheese & Onion Roasted Cashews American Flavor Kaju 250gm PET Jar,"₹349 (₹87.25/100 g)
₹699"
"Fruitri split cashew, 2pcs kaju, 1kg","₹970 (₹97.98/100 g)
₹1,800"
Bague Premium Quality 100% Natural Fresh raw Whole Cashew Nuts W240 1 kg kaju Broken Cashews Whole cashewnuts 1000 Grams,"₹949 (₹94.90/100 g)
₹1,200"
Rivazo 100% Natural Organic Unpeeled Cashew NW Cashews with Skin for Natural Taste in Pet Jar 500 Grams,"₹405 (₹192.86/100 g)
₹450"
"Eighty7 Raisins and Cashews Combo(250 gms each), 500g","₹1,556 (₹155.60/100 g)
₹1,945"
Farmown Cashew Nuts Broken 4 Pieces 500 Grams Kaju Tukda Cashews,"₹699 (₹139.80/100 g)
₹1,499"
SVT Premium Cashew Nut W210 Kaju Dry Fruits - 500gm,"₹625 (₹125/100 g)
₹950"
Pure Food-Cashews Nuts Broken 4 Pieces - Kaju Tukadi 1000gm,"₹389 (₹389/count)
₹618"
"InSeed Premium Vacuum Packed Cashews, 400gm","₹1,119 (₹111.90/100 g)
₹1,500"
Stylo Exports Premium Raw Organic Plain Whole Cashew Nuts W320 100g 200g 250 Grams 400g 500g Gram 1kg (1000 Grams),₹300 (₹375/100 g)
Cashews Special Natural Cashew Nuts/Kaju (1000gm g/1 kg),₹430 (₹86/100 g)
Nature Purify Cashews Nuts Broken 4 Pieces - Kaju Tukadi 500gm,"₹439 (₹87.80/100 g)
₹600"
"Happilo Premium Toasted and Salted Cashews, 200g","₹296 (₹148/100 g)
₹395"
"SoftArt Royal 240 Grade Cashew Nut, W-240 Cashews (Kaju) (250 Grams) Vacuum Pack","₹454 (₹454/count)
₹1,012"
Rivazo Owen Roasted Brownish and Crispy Whole Cashew Nuts Kaju 1 Kg,"₹825 (₹82.50/100 g)
₹1,400"
Stylo W320 Natural Premium Whole Cashew Nuts/Kaju (400 g),"₹430 (₹107.50/100 g)
₹550"
"Small Talk Sweet Chilli BBQ Roasted Cashews, 220 GMS (110 GMS * 2 Packs)| High Energy Protein Rich| No Cholesterol| Gluten Free| Rich in Omega 3 & Antioxidants","₹899 (₹89,900/100 g)
₹1,500"
Being Marwari Cashews Nuts Broken 2 Pieces - 1kg | Kaju Tukadi (Kaju 2 Tukda / Kaju Fada),"₹999 (₹99.90/100 g)
₹5,499"
"Amazon Brand - Vedaka Popular Raisins, 1kg & Vedaka Popular Whole Cashews, 500g","₹330 (₹132/100 g)
₹600"
"SFT Cashews Kernels Nut Chatpata & Roasted, Dark Brown, High Quality [Big Size, Kaju Masala] (Grade- 210 No.) 1 Kg","₹635 (₹127/100 g)
₹870"
"stylo exports Naturally Processed Raw Cashew Nuts/Kaju, 250 g","₹849 (₹84.90/100 g)
₹1,399"
"Small Talk Jalapeno Cheese Roasted Cashews, 220 GMS (110 GMS * 2 Packs)| No Cholesterol| Gluten Free| Rich in Omega 3 & Antioxidants| Perfect Sharing Pack","₹499 (₹499/count)
₹664"
Stylo Broken Cashew Nuts (1000 GMS) Cashews raw Plain 4 Pieces Splits Nut,"₹365 (₹182.50/100 g)
₹375"
Organic Box Cashews Nuts Broken 4 Pieces - 500 Gram | Kaju Tukadi,"₹669 (₹66,900/100 g)
₹1,122"
"Spicy Carte Baby Cashews W450, 1Kg","₹670 (₹19/Oz)
₹999"
"KASHENA Roasted and Salted pepper cashew, California Almonds, Pistachios and Masala Cashews-100gms Each (combo pack of 4)","₹536 (₹536/count)
₹730"
Ariga Foods Cashew Nuts King Size Healthy & Nutritious Superfood 250Gm Pack of 1,"₹397 (₹226.86/100 g)
₹508"
"Cornitos Roasted Cashew, Crack Pepper, 200g",₹250 (₹142.86/100 g)
Stylo Premium Whole Cashew Nuts 500 g Grams W270 Quality,"₹390 (₹156/100 g)
₹450"
"BOLA Broken Cashew Nuts, LWP (Large Broken Pieces-4 tukdi Kaju),1 KG- 4 X 250g","₹179 (₹17,900/100 g)
₹349"
Original Goan Natural Cashews with Skin (400 g),"₹379 (₹151.60/100 g)
₹999"
RK's Mom's Touch 100% Natural Super JH (Jumbo Halves/ Splits-Broken 4 Pieces) Premium Scale Cashews / Kaju Nuts [1000gms][1kg],"₹399 (₹159.60/100 g)
₹799"
"ZEONELY MART Cashews Nuts Broken 4-Piece Cashew Nuts Spit Cashews (Kaju 4 Tukda), 1kg","₹787
₹1,140"
"Miltop Big Size Cashew Nuts W240, 500g","₹540 (₹54,000/100 g)
₹799"
"Puramio Roasted Cashew - Bubblegum, 175 gm","₹257 (₹122.38/100 g)
₹429"
Haldiram's Nagpur Salted Kaju 175 gms (35 gm x Pack of 5),"₹750 (₹125/100 g)
₹1,050"
"Bankatji Roasted Cashews Oven Roasted - Chinese - Chilly Garlic Masala, 250 Grams","₹379 (₹75.80/100 g)
₹649"
"Fruitri Propular Cashew Broken, Kaju (200)","₹99 (₹99/100 g)
₹199"
HYPERFOODS RawFruit Masala Roasted Cashews Spicy Flavor Kaju 250gm PET Jar,"₹280 (₹112/100 g)
₹450"
HYPERFOODS RawFruit Indi BBQ Roasted Cashews Tandoori Flavor kaju 250gm PET Jar,"₹475 (₹95/100 g)
₹700"
"Amazon Brand - Solimo Premium Almonds, 500g + Amazon Brand - Solimo Premium Cashews, 250g","₹999 (₹99.90/100 g)
₹1,620"
RK's Mom's Touch 100% Natural Premium Scale Cashews / Kaju Nuts W240 {500gms},"₹289 (₹57.80/100 g)
₹300"
Mustin Black Pepper Cashews (210g),"₹499 (₹199.60/100 g)
₹549"
"Molsi's blissfully Salted Combo 600g (200g Each of Cashew, Almond and Pistachio)","₹240 (₹96/100 g)
₹400"
The Organic Basket Cashews Nuts Broken 4 Pieces ( Kaju Tukadi ) (Pack of 500GM),"₹1,099
₹1,499"
Carnival Cashew Nut 250g,"₹895 (₹179/100 g)
₹999"
"Anandi -Cashew 100gms , Anandi Kaju 100gms, Dry Fruit , Meva , Cashew Nuts","₹449 (₹2.25/gram)
₹599"
jumbo dry fruit Whole Plain cashewnuts 250g,"₹375 (₹150/100 g)
₹399"
Mustin Peri peri Cashews (210g),"₹875 (₹87.50/100 g)
₹999"
"WONDERLAND FOODS (DEVICE) Plain Raw Cashews Nuts - 500 Grams, w400, 400 Pieces in a Pound","₹960 (₹96/100 g)
₹1,620"
"Ancy Foods 100% Natural Cashews Kernels Piece Split Nut, Big Size (Kaju 2 Tukda) Dry Fruit, 250gm","₹650
₹824"
Shara's Dry Fruits Cashew Nuts (Kaju) 1 Kg,"₹285 (₹114/100 g)
₹550"
"URBANS Premium Roasted & Salted Cashews|Whole Cashew Nuts | Toasted and Salted Cashews |Quality Cashew Nuts, 250g","₹540 (₹54,000/100 g)
₹900"
Fresh Nut House Plain Split Cashew Nut (2 Pieces) 250 Grams,₹375 (₹187.50/100 g)
looms & weaves - Fried Cashew Nut from Kerala - Home Made ( 250 gm),"₹429 (₹107.25/100 g)
₹595"
"My Village Cashew Nuts, Kerala W240 Export Grade Whole Plain Kaju (400 gm)","₹335 (₹335/count)
₹435"
Rivazo 100% Natural Fresh Whole Organic Cashew Nuts Kaju in Pet Jar 250 Grams,"₹290
₹300"
RK's Mom's Touch 100% Natural JH (Jumbo Halves/ Splits-Broken 4 Pieces) Whole Scale Cashews / Kaju Nuts [250gms],"₹249 (₹24,900/100 g)
₹499"
"DiSano Whole Cashew Nuts (Kaju), 200g (Pack of 2)","₹474 (₹1,185/kg)
₹670"
"Organic Box Cashew Nuts / Kaju Whole Kernels Plain for Caterers, Restaurants, Sweet Makers - Crispy, Crunchy - 1 KG","₹849 (₹849/count)
₹1,099"
Dry Fruits Whole Cashews Nuts (kaju)500g - Healthy Dryfruit Nuts,"₹599 (₹119.80/100 g)
₹1,099"
HandsFull Premium Cashew Nuts (200gm X 2) 400 GMS,"₹475 (₹118.75/count)
₹758"
"White Gold W240 Grade Dry Roasted Cashews, Barbecue 200 Grams",₹395 (₹197.50/100 g)
Stylo Split Cashew Nuts Broken 2 Pieces - 1kg | Kaju Tukadi (Kaju 2 Tukda / Kaju Fada),"₹1,329 (₹132.90/100 g)
₹1,800"
TOUCHSTONE - our motto is TOUCHSTONE Jumbo Whole Cashew Nuts W190-1 kg (1000 Gms),₹725 (₹51.38/Oz)
Dryo Premium Quality 100% Natural Fresh Raw Whole Cashew Nuts 500gm Grams,"₹999 (₹99.90/100 g)
₹1,599"
"Tong Garden Salted Cashewnuts, 400 Gm","₹199 (₹199/100 g)
₹499"
"Anandi-Dry Fruits , W240-Natural Cashew 500gms. and California Almond 500gms. Super Saver Combo Pack (Badam & Kaju) in Jar Packing","₹603 (₹603/count)
₹669"
HYPERFOODS RawFruit by Whole Cashew Popular & Premium Plain Raw Cashewnut aju Dry Fruit 100 Grams PET Jar Mangalore W400,₹920 (₹184/100 g)
"Urban Platter Whole Natural Cashew Nuts (with Skin), 400g","₹499 (₹99.80/100 g)
₹999"
PUREHEART Nutreat Salted Cashews 454 gm | 100% Vegetarian | No Added Colors | No Preservatives,"₹275 (₹110/100 g)
₹405"
"Delinut Premium Dry Roasted Cashew Nuts, Tangy Chilli Garlic, 500 Grams Pouch","₹970 (₹97/100 g)
₹1,960"
"Anandi® Cashew 500gms , Anandi Kaju 500gms, Dry Fruit , Meva , Cashew Nuts","₹530 (₹106/100 g)
₹700"
"Bola-Premium Quality Cashew Nuts NW (Natural Wholes with Skin-Chilkwale Kaju), 250 Grams","₹470
₹800"
Evergreen Farms Fresh Whole Roasted and Salted Cashews Extra Crunchy Kaju in Pet Jar 1 Kg,"₹945 (₹105/100 g)
₹1,080"
Bague Premium Quality 100% Natural raw Fried Cashew Nuts Whole kaju Cashews cashewnuts 500gm Grams,"₹540 (₹108/100 g)
₹970"
The Farm Basket Cashews Nuts Broken 4 Pieces ( Kaju Tukada ) (Pack of 1 KILOGRAMS),"₹955 (₹95.50/100 g)
₹1,270"
ZEONELY MART Kaju 2 Tukda | Cashews Nuts | Kaju Tukadi | Half Cashew Nuts (500Grams),"₹315 (₹52.50/Oz)
₹395"
Tulsi Whole Cashew Premium Combo Pack 900g (200g x 2 + 500g),"₹240 (₹166.67/100 g)
₹300"
"Shara's Dry Fruits Cashew Nuts, 500 g","₹239
₹320"
"Miltop Cashew W320, 1kg","₹390 (₹39,000/100 g)
₹450"
Rostaa Roasted & Salted Cashew 170gm,"₹639 (₹127.80/100 g)
₹825"
HYPERFOODS RawFruit Classic Roasted Masala Cashews Kaju 250gm PET Jar,"₹975 (₹121.88/100 g)
₹1,299"
"Nutty Gritties Roasted Cashews, Lightly Salted - 144g ( Pack of 3 - 48g Each )",₹60 (₹214.29/100 g)
SOUTHERN FLAVOURS Cashew Nut Pepper Roasted Black Color - 1 Pack (200g),"₹499 (₹249.50/count)
₹750"
Bankatji Cashews Oven Roasted - Chaska Maska (Creamy Onion) 250 grams,"₹590 (₹147.50/100 g)
₹870"
TOUCHSTONE - our motto is TOUCHSTONE- Premium Whole Cashew Nuts W240 (500 g),"₹915 (₹915/count)
₹2,000"
FreshoGen Cashew Nut Kerala Origin Premium Whole Kaju Plain & Raw - 1 Kg,"₹999 (₹111/100 g)
₹1,399"
"Nutty Gritties Southern Pepper Cashews | Cashewnuts, Dry Roasted, Non Fried, Zero Oil, - 28g","₹243 (₹2.43/Item)
₹250"
"Regency W320 Grade Cashew, 250g","₹400 (₹160/100 g)
₹999"
"Small Talk Spicy Lemon Pepper Roasted Cashews, 220 GMS (110 GMS * 2 Packs)| No Cholesterol| Gluten Free| Rich in Omega 3 & Antioxidants| Perfect Sharing Pack","₹400 (₹80/100 g)
₹635"
"Nutty Gritties Jumbo Roasted Cashew Nuts, Lightly Salted, Dry Roasted, Non Fried, Zero Oil - (Pack of 2-200g Each),400g","₹1,080 (₹108/100 g)
₹1,250"
"Exotes Popular Cashews Vacuum Pouch, 1000 g","₹235 (₹235/count)
₹320"
"Forest Found Oven Roasted and Salted Cashew Nuts | W320 Grade| Premium Crunchy Kaju | Low Sodium, Oil Free, Roasted by Dry Roasting Technique (900 Gram)","₹229 (₹229/count)
₹340"
"Lagom Indian Cashew Nuts W320 (Kaju), 500g",₹360 (₹180/100 g)
Nourish Organics Honey Roasted Cashews 100Gr,"₹499 (₹199.60/100 g)
₹549"
HyperFoods® RawFruit Whole Cashew Popular & Premium Cashewnut Kaju 250G PET Jar Mangalore W240 : 250 Grams X 1 Jar,"₹520 (₹104/100 g)
₹700"
URBANS Premium Borma/Unpeeled Cashews | Fresh Unpeeled Cashews with Skin | Export Quality Whole Cashew | Premium Grade Cashew Nuts Kaju - 500g,"₹650 (₹162.50/100 g)
₹770"
"Nutty Gritties Premium Whole Cashews Nuts W240, 200g","₹504 (₹1.01/Item)
₹750"
"Stylo Natural Premium Whole Raw Organic Jumbo Large Size Cashew Nuts, 1 kg",₹300 (₹375/100 g)
looms & weaves - Premium Non Roasted Cashew from Kerala - 500 gm,"₹499 (₹2.50/gram)
₹999"
"Miltop Cashew 320, 250g","₹300 (₹120/100 g)
₹450"
CazooTree Salt n Pepper Flavoured Cashew Nut,"₹250 (₹100/100 g)
₹320"
The Nut Makers Chilli Cheese Cashews -200gms,"₹499 (₹99.80/100 g)
₹1,399"
Looms & Weaves Roasted & Salted Cashew Nuts From Kerala 250 Gm,"₹869 (₹86,900/100 g)
₹1,256"
Jumbo Dry Fruit Whole Raw Cashewnuts (500gm),₹600 (₹142.86/100 g)
"Fruitri Propular Cashew Broken, Kaju (2)","₹1,249 (₹1,24,900/100 g)
₹1,499"
"Puramio Roasted Cashew Black Pepper, 150g","₹241 (₹120.50/100 g)
₹335"
"DiSano Whole Cashew Nuts (Kaju), 200g","₹1,199 (₹119.90/100 g)
₹1,699"
Dry Fruits Whole Cashews Nuts (kaju)1kg - Healthy Dryfruit Nuts,₹610 (₹610/count)
Better Spiced Cashews - Premium Jumbo Cashews roasted & flavoured using Extra Virgin Olive Oil & traditional Indian Spices (100 g),₹100
"EXOTES Cashew Broken Vacuum Packed Popular Pouch, 1 kg","₹400 (₹80/100 g)
₹1,496"
"Kerala Natural Spices Cashew Nut Big Size320,100% Cashews-500gm","₹449 (₹149.67/100 g)
₹550"
Jabsons Roasted Cashew Nut Black Pepper,₹100 (₹100/count)
"Mother Organic Cashew Nut, 500g","₹850
₹1,800"
RK's Mom's Touch 100%Premium Cashews Nuts Broken 2 - 4 Pieces - Kaju Tukadi | Vacuumed Pack.1kg(1000g),"₹260 (₹52/100 g)
₹280"
"D'nature Fresh Roasted Masala Black Pepper Cashews, 250 g","₹335 (₹223.33/100 g)
₹435"
"Stylo Retail Jumbo Dry Fruits Cashew Nuts, 500 g","₹699 (₹139.80/100 g)
₹900"
Shubh Labh Premium Roasted Masala Cashew - Roasted Golden Brown Masala Kaju (250g),"₹1,295 (₹130.81/100 g)
₹1,890"
"Ancy Foods 100% Natural Cashews Kernels 2 Piece Split Nut, Big Size, (Kaju 2 Tukda) Dry Fruit,500gm","₹899 (₹449.50/count)
₹2,040"
Nuts Hub Premium Quality Fresh W320 raw Whole Cashew Nuts 200gm 250gm 450gm 400gm 500gm 750gm 1000gm 1kg Grams (200 Grams),"₹496 (₹330.67/100 g)
₹870"
